{
    "maxs": 54817.47951984262,
    "mins": 208.44960556271465,
    "avgs": 6034.266620301727,
    "meds": 1798.7309175930827,
    "upqs": 656.7516247683094,
    "lwqs": 6147.977706559281,
    "all_avgs": [
        5966.300121149458,
        6309.936800465934,
        5930.674342283812,
        4308.601194784685,
        6452.864937999988,
        5112.099959566483,
        6389.739003664482,
        7389.478004191229,
        5573.00569200416,
        5352.605661108035,
        6484.881031682298,
        8158.707146287222,
        4892.771143848036,
        4963.095200605333,
        7678.234763159586,
        6227.507039536962,
        6105.06578724603,
        4830.561266281735,
        5582.014158571372,
        5377.408206223757,
        7634.047565675679
    ]
}