{
    "maxs": 54804.18182289169,
    "mins": 284.37947553205214,
    "avgs": 6050.92563751671,
    "meds": 1757.7297401482876,
    "upqs": 753.7495467210892,
    "lwqs": 6332.4978507207525,
    "all_avgs": [
        5840.81587848031,
        6275.757614461316,
        6894.28428554721,
        6393.170760761758,
        7974.823900777471,
        5643.214074725185,
        6717.58133973597,
        9398.129823059462,
        5046.882054727905,
        4705.158503255745,
        6616.82567500766,
        3174.753121178916,
        3336.8517304839934,
        7764.0437252060065,
        6755.133850355004,
        5971.7600443595,
        7313.790206326137,
        6439.87710121987,
        2612.489935293612,
        4111.25424563342,
        8082.840517254434
    ]
}