{
    "maxs": 52293.28572671575,
    "mins": 78.7104503296064,
    "avgs": 5758.3411613318995,
    "meds": 1765.5660560548806,
    "upqs": 476.7634641581781,
    "lwqs": 6139.990174440831,
    "all_avgs": [
        5482.563360263131,
        4324.499499758083,
        3988.054108438171,
        5409.540828930285,
        3985.8473572078783,
        5685.870221930478,
        4932.509712881321,
        4187.020689090283,
        5024.408456150432,
        5606.62843976033,
        7357.281180528286,
        4311.028173406066,
        6527.80821391442,
        6382.693712672477,
        6812.941158420077,
        9149.8756848785,
        3665.3762559158986,
        7104.134390263346,
        5504.581976724883,
        7641.772706551982,
        7840.728260283541
    ]
}