{
    "maxs": 53407.897789974595,
    "mins": 105.20834224954586,
    "avgs": 6050.158102889897,
    "meds": 1778.8576127134504,
    "upqs": 513.5649074063878,
    "lwqs": 6478.654350025278,
    "all_avgs": [
        6487.036400406127,
        5630.592575641965,
        5511.478542284742,
        5734.851267470568,
        6420.082013904813,
        6435.894079745983,
        7666.334370436681,
        6701.501280754696,
        9443.070942587934,
        7059.015785361827,
        6348.90241321157,
        6264.180137382583,
        4488.025437423485,
        5055.324571083742,
        4469.598492496458,
        5105.82691998806,
        5209.087897129427,
        7095.31158285963,
        5784.934144718376,
        4961.970403968397,
        5180.30090183076
    ]
}