{
    "maxs": 50614.77712959888,
    "mins": 27.291281657979592,
    "avgs": 5606.445167521201,
    "meds": 1752.7375895260386,
    "upqs": 383.49078849574846,
    "lwqs": 5744.730886426675,
    "all_avgs": [
        5808.504383501337,
        7958.415451629267,
        3822.3356798567706,
        4125.647885426564,
        5310.9170281560355,
        4739.303213690873,
        4823.060788635612,
        6730.856637564144,
        5618.651610765006,
        5719.250678482675,
        4024.726770577649,
        3818.7186583041503,
        5803.377563039137,
        6627.0762078459775,
        7020.554902751471,
        4097.152202125662,
        5018.6571722232,
        7343.744822899103,
        7290.588901605754,
        5137.553863649144,
        6896.254095215715
    ]
}