{
    "maxs": 52341.9955565683,
    "mins": 183.23068823130126,
    "avgs": 5734.511598960349,
    "meds": 1754.6918372101916,
    "upqs": 584.1365161492815,
    "lwqs": 5755.707123354358,
    "all_avgs": [
        4519.661015870574,
        7788.468625384571,
        5492.6601425978,
        6536.79766753053,
        4159.591160640315,
        4958.251456997168,
        6134.139938042372,
        4332.8832748614805,
        4165.300061130455,
        5515.466668163298,
        4799.84776463383,
        6486.519153632634,
        7812.1249451699,
        6029.438024295703,
        6169.78231798688,
        6779.524735947655,
        5599.262924138006,
        3830.7056347659245,
        7790.393514022572,
        5202.42291186209,
        6321.501640493569
    ]
}