{
    "maxs": 53840.800133275014,
    "mins": 207.31741920849612,
    "avgs": 5922.413722812264,
    "meds": 1789.2892488359205,
    "upqs": 647.1163943545462,
    "lwqs": 6049.290249879608,
    "all_avgs": [
        3981.719558078252,
        3107.406450126953,
        6964.767350738118,
        5605.692596644102,
        5784.841294894031,
        6037.850566560298,
        7908.221340544781,
        6096.731556978209,
        7736.99312105201,
        9215.163610227408,
        5685.466041677411,
        5851.551282143822,
        2929.633557567859,
        5178.561731109504,
        9327.564076165509,
        5446.577061311171,
        5191.599892534101,
        5656.432072725668,
        6261.418397681965,
        5529.017610116108,
        4873.479010180263
    ]
}