{
    "maxs": 51572.63968536829,
    "mins": 156.51606674718045,
    "avgs": 5781.469268668931,
    "meds": 1735.9332694073619,
    "upqs": 542.9685113150546,
    "lwqs": 5842.963550219509,
    "all_avgs": [
        5106.712128570679,
        6660.6712215334965,
        5689.004973422668,
        6837.323633530634,
        4008.6071734985244,
        4260.57894390192,
        6296.6772169952665,
        7859.196274124182,
        3675.25135241231,
        6686.996179822202,
        5794.190204013637,
        9097.672366162169,
        7918.011825607281,
        5339.153762730355,
        5384.403599682229,
        4548.557223384501,
        3520.1454339922957,
        4375.379239299599,
        7751.144447359123,
        7136.766625518664,
        3464.4108164858326
    ]
}