{
    "maxs": 53664.15337028627,
    "mins": 79.50605659009217,
    "avgs": 5842.136079995728,
    "meds": 1772.1563378054173,
    "upqs": 445.5302711650423,
    "lwqs": 5984.469362500333,
    "all_avgs": [
        6520.9382717102735,
        4993.590254579544,
        6071.729284052164,
        4621.843011511004,
        6003.64107719735,
        5758.793382187074,
        4248.504023959421,
        5061.3527985724195,
        5781.446665486868,
        5953.063182916801,
        4636.6206831012205,
        6170.033255017134,
        3177.5630012708143,
        4998.734691766961,
        7229.076999057266,
        8753.539361490848,
        7939.438700081785,
        7965.706052969693,
        4732.792786281968,
        5585.288416022628,
        6481.161780677087
    ]
}