{
    "maxs": 59590.21300104445,
    "mins": 156.03712266209817,
    "avgs": 6642.571448853358,
    "meds": 1813.1736030210855,
    "upqs": 695.7786707887868,
    "lwqs": 6977.167923950167,
    "all_avgs": [
        6846.9439481698255,
        6818.36969492397,
        5103.414009141985,
        6566.487894316134,
        7294.726216331447,
        3706.5400984331995,
        7474.55927570253,
        6330.1480360475925,
        5801.132528233307,
        3041.5530788041888,
        6137.9974079788535,
        6796.26713651392,
        8835.439094386978,
        7270.651568251084,
        8131.835164493773,
        6741.977701544996,
        4967.941756199071,
        10007.33657802359,
        5129.82221394547,
        8759.856098353177,
        7731.000926125424
    ]
}