{
    "maxs": 54168.83149119814,
    "mins": 26.864603360138705,
    "avgs": 5886.057995095248,
    "meds": 1782.3130367871809,
    "upqs": 426.97840349805233,
    "lwqs": 6245.862793997109,
    "all_avgs": [
        5177.695666938654,
        3814.2828268131575,
        6387.853432207715,
        6193.523607824339,
        5609.368896306666,
        8055.598128533861,
        4926.8994766739115,
        4629.605730722243,
        6320.1685355815725,
        6987.976626190669,
        7955.777551786337,
        5152.177026591048,
        4879.301040783298,
        6876.910060992576,
        5990.829384862854,
        6665.727950858669,
        4668.307242737753,
        6245.450478745235,
        5027.206777963986,
        7179.391406162258,
        4863.166047723413
    ]
}