{
    "maxs": 58358.65615464002,
    "mins": 232.25788138121393,
    "avgs": 6475.594688853091,
    "meds": 1801.49440125857,
    "upqs": 726.9610988276878,
    "lwqs": 6544.010187926102,
    "all_avgs": [
        6911.567470351507,
        8560.74048974412,
        5031.2680643537005,
        3739.481761965772,
        6828.625722131584,
        6178.22281147676,
        5764.925070647953,
        8723.02431119574,
        7365.769983532579,
        6905.988535268108,
        7183.318315280151,
        7885.304893819242,
        6354.68082131619,
        6407.417518046281,
        5237.758696861406,
        5871.770858850016,
        5316.078495249533,
        4404.559905563078,
        9062.490978923515,
        5581.365630278938,
        6673.128131058751
    ]
}