{
    "maxs": 53873.20907651119,
    "mins": 286.30997999320954,
    "avgs": 6125.048397733069,
    "meds": 1774.589918143004,
    "upqs": 764.1366455110428,
    "lwqs": 6203.40529146724,
    "all_avgs": [
        6539.562789885626,
        5128.211884868148,
        7552.262980483211,
        6667.274308307173,
        5499.127327853605,
        4165.654102365743,
        5428.098266072326,
        7476.376024732509,
        4739.1774771602795,
        5382.943985968132,
        7292.9553582119115,
        5472.620181810135,
        4349.037201688703,
        9158.43700022324,
        4902.577434192016,
        6151.67157294457,
        6688.807153997069,
        3497.3798836896785,
        7073.893901595049,
        9700.075649719261,
        5759.871866626048
    ]
}