{
    "maxs": 57445.057910448304,
    "mins": 181.1990414909154,
    "avgs": 6317.709928581573,
    "meds": 1792.006313492694,
    "upqs": 626.0200743513864,
    "lwqs": 6591.973697371579,
    "all_avgs": [
        5769.80757303057,
        5216.369716699155,
        6229.463724156908,
        5914.034311199064,
        8552.453393400405,
        6955.807827443319,
        4251.769749468728,
        5262.275271084841,
        6184.409975184443,
        5348.106905468446,
        8982.91476074427,
        6729.202812745605,
        5584.293477387353,
        5518.531959391574,
        7429.381907934385,
        5499.601033947248,
        7857.930232713858,
        5872.821477247125,
        5782.68692244911,
        6650.5833944476035,
        7079.462074069023
    ]
}