{
    "maxs": 54713.12393161794,
    "mins": 230.38059512576868,
    "avgs": 6154.473491043136,
    "meds": 1767.6664520151166,
    "upqs": 728.2750758712011,
    "lwqs": 6323.866297897319,
    "all_avgs": [
        6262.233107978788,
        4246.217067644061,
        4794.839799421133,
        4096.192139526226,
        6222.871478611141,
        5378.296592474659,
        6065.230618117875,
        9485.513139164328,
        7307.367294745401,
        6342.098114848371,
        5059.404249437766,
        5256.613776648481,
        4319.511300132139,
        6002.2041979984015,
        5087.905623084318,
        7655.172853477565,
        6858.50123593153,
        7849.349636556374,
        9768.17336784024,
        5734.896861777578,
        5451.3508564894755
    ]
}