{
    "maxs": 47606.11621796757,
    "mins": 180.60871986386218,
    "avgs": 5257.434970071545,
    "meds": 1732.6673601023529,
    "upqs": 530.2947321068142,
    "lwqs": 5159.459954817728,
    "all_avgs": [
        5593.427503953715,
        5615.657174466393,
        5997.437627849533,
        5145.209482547596,
        3807.3078437401937,
        5343.608703420615,
        4977.968421445453,
        6470.449220187033,
        4180.603830873694,
        4560.450617094099,
        5015.8756162314085,
        4213.1016848715135,
        5279.062441123288,
        5140.218432245728,
        4054.489679094596,
        7235.735324434382,
        5397.0797931339375,
        5772.048726333191,
        4151.75444599454,
        8012.363093873229,
        4442.2847085883195
    ]
}