{
    "maxs": 52102.7544654637,
    "mins": 105.49254644249515,
    "avgs": 5933.339097251219,
    "meds": 1789.6815210926275,
    "upqs": 503.11068071591245,
    "lwqs": 6065.024681948944,
    "all_avgs": [
        6053.35677424455,
        6473.722913124174,
        3376.51978314844,
        8862.892115039911,
        3215.202598906237,
        5669.528684913596,
        6231.521982623901,
        6826.4698345217475,
        6417.7452038388365,
        7108.775188854441,
        4380.588054036047,
        7126.1357033544,
        5094.907308363292,
        5337.787249634949,
        5794.456641741069,
        3617.6021875472857,
        4175.050661752511,
        4983.387770932525,
        6313.267419199819,
        5656.878068976432,
        11884.324897521401
    ]
}