{
    "maxs": 50003.47896786457,
    "mins": 232.1498419897226,
    "avgs": 5536.346958063522,
    "meds": 1744.0387923865699,
    "upqs": 629.8889908089138,
    "lwqs": 5424.56057338087,
    "all_avgs": [
        5345.091389603969,
        7288.670783333825,
        7921.651911814679,
        4435.626382938499,
        4231.953008317053,
        6762.629679317078,
        4855.957936956603,
        6224.160855284476,
        4537.357794912581,
        4964.650089650894,
        6925.54663460894,
        5761.4042213929,
        4412.447774624378,
        5515.631367224335,
        4647.756637247841,
        6554.471105392499,
        5040.344558544035,
        4635.038080397103,
        4041.7080216728905,
        6790.33879253558,
        5370.849093563793
    ]
}