{
    "maxs": 52601.581077437404,
    "mins": 157.74133525163302,
    "avgs": 5811.896914757126,
    "meds": 1769.8405365597512,
    "upqs": 569.3389865255308,
    "lwqs": 6066.9500774008,
    "all_avgs": [
        6219.389441014589,
        8435.782747834874,
        3760.145332278455,
        5151.026017656568,
        6137.74923240077,
        7091.268110835934,
        9233.480467232786,
        5437.554965861299,
        4965.330836537677,
        5413.367282360599,
        8092.358920674949,
        6488.336405889359,
        3983.5309248040803,
        4703.503059475852,
        7023.749240444551,
        5024.489656238419,
        6926.676793520869,
        4739.571544082541,
        5093.307651743131,
        2855.1304548014627,
        5274.086124210875
    ]
}