{
    "maxs": 50746.39315696848,
    "mins": 104.46928985264003,
    "avgs": 5597.492333128755,
    "meds": 1750.2281303909265,
    "upqs": 465.31507004879035,
    "lwqs": 5712.2913063889455,
    "all_avgs": [
        5672.593465592744,
        4987.957185421562,
        7268.971219633132,
        5079.750684317339,
        5644.99964313092,
        6132.6313411480905,
        6695.297421282512,
        5282.364177124277,
        4984.34497470715,
        7219.166375451256,
        7339.7798289954135,
        4763.06718994626,
        3847.1739720378973,
        6675.660557482481,
        3247.0494532146,
        4298.335210997148,
        5489.254582231351,
        6775.95721707277,
        3710.9711039561466,
        6091.152279117552,
        6340.861112843224
    ]
}