{
    "maxs": 58256.066271767275,
    "mins": 207.56745882623323,
    "avgs": 6424.219972646959,
    "meds": 1817.1118414025807,
    "upqs": 683.0214161257675,
    "lwqs": 6696.924635335364,
    "all_avgs": [
        8711.72117922108,
        7937.79791532546,
        5257.950938347295,
        6478.280690985878,
        5872.687033401532,
        6970.653894075449,
        6302.667106451641,
        5547.141734753794,
        7591.364616481684,
        6666.945436420471,
        6689.986168788506,
        5645.577285324758,
        6125.591638041729,
        6767.55473551587,
        6373.606229450667,
        6277.215957002561,
        6108.261235476664,
        5465.380879810725,
        6412.382116165098,
        6689.211607388376,
        5016.6410271568975
    ]
}