{
    "maxs": 49266.69346853901,
    "mins": 26.901580153319692,
    "avgs": 5670.73665827823,
    "meds": 1744.5501832029304,
    "upqs": 380.89274951097605,
    "lwqs": 5856.266276207306,
    "all_avgs": [
        6837.843937741735,
        7439.875384057578,
        5501.168967202944,
        7201.129270553395,
        4764.357049390427,
        8681.020786962834,
        4318.9995268607345,
        4630.174266475569,
        6843.443105580139,
        5598.770284646178,
        4465.150049284828,
        5438.944153272107,
        5765.628011804767,
        6110.03240472404,
        7899.119464421704,
        4991.672749786571,
        6037.805655518084,
        2123.0883183735796,
        4431.611528867976,
        6355.2400627097995,
        3650.394845607829
    ]
}