{
    "maxs": 50514.651403027245,
    "mins": 130.44268498003777,
    "avgs": 5502.352711158795,
    "meds": 1753.674345995129,
    "upqs": 493.4228499424723,
    "lwqs": 5519.762709704372,
    "all_avgs": [
        4085.2082362366427,
        6680.084037498483,
        6060.903491418559,
        6679.828577349523,
        4413.642634111825,
        6462.890675977068,
        6921.86834761713,
        6423.208300465595,
        4027.650179172809,
        7578.423594717618,
        5251.396211634065,
        4392.624682279614,
        4168.435321513888,
        4652.0462492747065,
        5020.177617563446,
        7444.709369647751,
        4110.109682303931,
        6520.5961697941475,
        4165.22139263247,
        4466.476988031672,
        6023.905175093741
    ]
}