{
    "maxs": 51051.79011372295,
    "mins": 53.18831224591359,
    "avgs": 5442.644901413379,
    "meds": 1760.7314174998337,
    "upqs": 316.00267703571797,
    "lwqs": 5303.89432527492,
    "all_avgs": [
        5284.049062973564,
        4849.20615250399,
        4567.887633115551,
        3648.292186084254,
        4690.030544388278,
        5360.392452913614,
        4806.046507711159,
        7386.907814058155,
        5439.559365554716,
        6081.45199875244,
        5282.720975556763,
        4379.530553020485,
        5818.356496072573,
        3730.492380730611,
        5378.320743214838,
        7155.538724730512,
        6415.0966390111735,
        7132.668358246987,
        6157.921410212281,
        5416.870300024351,
        5314.20263080466
    ]
}