{
    "maxs": 55373.59924714553,
    "mins": 258.70057546273773,
    "avgs": 6155.060349389647,
    "meds": 1798.1759614938887,
    "upqs": 725.4022825827102,
    "lwqs": 6450.797842450353,
    "all_avgs": [
        6383.71120192855,
        5301.6740635838105,
        4776.407180223361,
        7656.669653095209,
        5379.668630847038,
        6118.656739868878,
        6845.2699802684765,
        4871.479020680028,
        5668.896491220289,
        4913.661204803829,
        4762.1048254811085,
        6980.4396666747525,
        3701.237063042848,
        4630.2334108330715,
        7288.241550947197,
        7375.465136493569,
        9624.119883982017,
        8609.189602094651,
        4902.630772854993,
        6274.9308144230035,
        7191.58044383591
    ]
}