{
    "maxs": 50698.03336040729,
    "mins": 131.20710993022232,
    "avgs": 5530.118525189471,
    "meds": 1747.5988818492126,
    "upqs": 469.82248052404265,
    "lwqs": 5555.74681207311,
    "all_avgs": [
        5761.420533216238,
        4442.012585274089,
        3896.842886653545,
        6128.87382214923,
        5243.922749312399,
        4799.737233136618,
        4452.982266711064,
        4286.530991695707,
        8479.887668961233,
        7443.4938551293535,
        5220.442154174328,
        6791.36851097385,
        5562.697688579585,
        4274.976765059998,
        5995.178749908849,
        4575.133720026042,
        4929.211746924565,
        6531.6478626652315,
        7279.287745000155,
        4737.265776014524,
        5299.573717412294
    ]
}