{
    "maxs": 50910.02489433624,
    "mins": 257.4041383592004,
    "avgs": 5834.547612654894,
    "meds": 1762.7519909800055,
    "upqs": 692.2061989629261,
    "lwqs": 6047.229614401857,
    "all_avgs": [
        6488.721316423873,
        4346.825810815099,
        5763.280521066185,
        5468.015640438099,
        5601.0270401236285,
        5842.761048426724,
        6146.128229538361,
        6389.921582046095,
        4952.437990348102,
        6029.762287382642,
        6520.175678222138,
        6757.504798151451,
        7068.967529638756,
        5566.201177878167,
        5015.225131634924,
        3034.693213700319,
        5070.542060563957,
        5847.481571405907,
        6159.145569787276,
        9388.544918774025,
        5068.136749387052
    ]
}