{
    "maxs": 52342.93634458454,
    "mins": 131.4664363201233,
    "avgs": 5908.657115349903,
    "meds": 1784.0955105602047,
    "upqs": 565.8352505681113,
    "lwqs": 6037.530842784987,
    "all_avgs": [
        9098.804387726237,
        5306.585022313938,
        4393.252719059415,
        5603.850918750995,
        9525.806918546512,
        4798.580526252126,
        6832.714884323149,
        3303.5369489020436,
        5669.592077396856,
        4334.418680710465,
        7534.6250420738925,
        6891.0422248409395,
        5158.954913156798,
        3489.189269379289,
        7100.085282623298,
        6514.70626483004,
        5041.058811268353,
        7643.479623297689,
        7775.460304033472,
        4020.1730966375753,
        4045.881506224856
    ]
}