{
    "maxs": 50750.51409487665,
    "mins": 53.43771416304728,
    "avgs": 5447.978097854309,
    "meds": 1749.2896684607424,
    "upqs": 363.5912654524288,
    "lwqs": 5647.6279291896635,
    "all_avgs": [
        4028.5417008191216,
        7707.451869632967,
        6428.418457130101,
        5422.504915331567,
        5002.820622599768,
        5350.267798654171,
        4995.198580468074,
        3275.678281549485,
        5549.499665360533,
        5732.566396854621,
        5271.6293644503285,
        7188.876335515743,
        5781.485417428374,
        6598.851284517592,
        4707.530562607374,
        3509.048155573824,
        6478.228764231144,
        7968.225367924014,
        3089.881246301714,
        4483.19563108239,
        5837.639636907603
    ]
}