{
    "maxs": 50580.517545700946,
    "mins": 79.36410622440555,
    "avgs": 5588.996260976911,
    "meds": 1734.0114292221108,
    "upqs": 382.810611672178,
    "lwqs": 5680.219870714588,
    "all_avgs": [
        4643.545881884315,
        10287.069061491171,
        4507.157770579366,
        5960.22199780854,
        5096.239501102412,
        4819.849818358995,
        4825.561081145738,
        6158.311941698728,
        4716.936356596092,
        6073.495013557635,
        5889.079887801493,
        6887.391932489524,
        5869.64997582096,
        5501.7163130815725,
        6608.837814623669,
        4631.8490747968535,
        3877.1344800434167,
        3658.6737358604905,
        5511.8936699852175,
        5239.845486298463,
        6604.460685490474
    ]
}