{
    "maxs": 53280.94966391813,
    "mins": 53.21956403363691,
    "avgs": 5856.4332634411185,
    "meds": 1766.8462452301524,
    "upqs": 443.6607889987702,
    "lwqs": 5921.683206239379,
    "all_avgs": [
        5365.5825726874655,
        5617.404253251342,
        7569.9395989278955,
        5387.061029056867,
        5499.120825024691,
        6344.699148309739,
        5286.675866406992,
        7160.379975124014,
        3031.2134749854904,
        6103.708183917543,
        5333.71931230475,
        8760.625117026899,
        5993.812864728852,
        4861.535272789741,
        6150.03300308735,
        6258.626339441068,
        6078.347704943746,
        4527.521614925467,
        6304.317330058139,
        6859.649511833535,
        4491.1255334319
    ]
}