{
    "maxs": 49456.46762641302,
    "mins": 259.3005992668909,
    "avgs": 5565.956230057998,
    "meds": 1758.9599833173806,
    "upqs": 701.4116332821424,
    "lwqs": 5721.32260728241,
    "all_avgs": [
        5793.392031393331,
        4631.309433829364,
        5856.8212010813695,
        3326.9734637198144,
        3156.8597798654046,
        6373.458003210282,
        7007.791107462578,
        8951.107530861296,
        3768.134199335174,
        5637.038750104395,
        3643.1785866783675,
        4813.131868614648,
        5104.0927909009015,
        6118.245571396051,
        5682.683094774571,
        7069.368935086237,
        7860.9457566387855,
        4254.828960426497,
        6035.422284559145,
        4107.5023230579645,
        7692.795158221799
    ]
}