{
    "maxs": 8747.652880783517,
    "mins": 143.684882786813,
    "avgs": 2703.4823542475265,
    "meds": 2280.8477396504845,
    "upqs": 1429.3505596687166,
    "lwqs": 3755.613296735767,
    "all_avgs": [
        2894.725669560193,
        2694.0304631164477,
        2780.1010187753727,
        2719.9296816390747,
        2881.013862974143,
        2784.094087127859,
        2374.0842331861945,
        2386.4139659046796,
        2687.72731210755,
        2684.9301882788163,
        2835.9828063636496,
        2957.594210151742,
        3017.3473311401685,
        2816.9401773292366,
        2843.300138037073,
        2625.6691810931225,
        2525.115316778239,
        2445.577492087118,
        2696.1432416201187,
        2663.689231891486,
        2769.850500638296,
        2669.0137934963686,
        2730.8241088278614,
        2862.1318403867426,
        2682.5463694439163,
        2812.6453696422327,
        2609.2305680431996,
        2760.45596834503,
        2660.6279571034966,
        2819.3680463072246,
        2767.0721740328368,
        2960.893535085475,
        2592.436898611401,
        2679.758607782166,
        2772.1140299889203,
        2789.7785566595817,
        2807.252873025657,
        2325.1268492944073,
        2498.718870744354,
        2783.218492002851,
        2631.7637573021784,
        2425.8240559027754,
        2849.5897274311083,
        2726.4226696729434,
        2742.8166631975396,
        2563.974265703353,
        2710.5028001175947,
        2470.672900360384,
        2759.496751705301,
        2376.024010545825,
        2953.037446060547
    ]
}