{
    "maxs": 4899.256831006515,
    "mins": 138.4004150874448,
    "avgs": 1773.0153859332536,
    "meds": 1756.6046464054102,
    "upqs": 757.6833208080507,
    "lwqs": 2469.8731294678096,
    "all_avgs": [
        1726.3232092004293,
        1541.2977554637184,
        1761.0274515461524,
        1826.7849677198565,
        1924.7250681171872,
        1938.6062228479582,
        1609.004794310844,
        1523.25869749059,
        1816.4799840681894,
        1827.2705535971932,
        1804.8395625814944,
        1955.2076895397863,
        1565.4349724618799,
        1430.5479451616418,
        1811.0272332648933,
        1831.1340403863358,
        2131.0683250113257,
        2025.879808452968,
        1828.7685963721406,
        1628.5426245819256,
        1870.8459870765253,
        1902.7893875338057,
        1737.2908185586484,
        1785.584072881214,
        1718.9025779485614,
        1834.506329657935,
        1652.1945355282269,
        1764.9815052160538,
        1719.383076582678,
        1965.9804803534994,
        1813.5637964875164,
        1888.3794104866884,
        1741.3997085555518,
        1846.8021658385496,
        1325.893092593589,
        1684.1416607987148,
        1749.0468892629726,
        1843.7755055346238,
        1918.0259909809527,
        1563.6793576512684,
        1889.5095328275968,
        1923.2438519542347,
        1587.4252375373178,
        1674.296244326481,
        1798.1302038401582,
        1776.219763980166,
        1761.1312297961658,
        1776.894868162727,
        1937.5567432607097,
        1742.5674435414176,
        1722.4137116648822
    ]
}