{
    "maxs": 8641.033936659209,
    "mins": 143.66883318728674,
    "avgs": 2697.8322610565606,
    "meds": 2297.3393827399577,
    "upqs": 1421.1662272552967,
    "lwqs": 3759.0554119786007,
    "all_avgs": [
        2499.9931412788533,
        2594.1318307396095,
        2679.563848188877,
        2700.411472084207,
        2340.611052793529,
        2795.0213026883466,
        2464.8558782189248,
        2701.6596436390478,
        2955.6490727263017,
        3002.6324827754515,
        2611.640700131219,
        2530.6635650033813,
        2717.1846957177268,
        2707.339425601762,
        2832.8888218823586,
        2830.683633083462,
        2616.7026534225984,
        2681.921736298935,
        2679.8638831730705,
        2584.91364609754,
        2528.100076043297,
        2606.9295251857006,
        2855.666053122863,
        2662.3196978332276,
        2697.8200112624313,
        2667.821241736868,
        2743.6678533611744,
        2850.909743369992,
        2717.0686790593986,
        2716.9872541640416,
        2931.9122614098815,
        2916.3816484305657,
        2582.1593154458374,
        2505.2813758791826,
        2638.601289130979,
        2587.7180608466847,
        2886.4207961985694,
        2870.942317813237,
        2791.246563400223,
        2826.219257225163,
        2544.5985273299193,
        2636.501583040672,
        2471.576103629248,
        2885.0529097342387,
        2514.980733136288,
        3128.6781548700787,
        2728.6093872499755,
        2518.501759320296,
        2647.629576938209,
        2983.050395215765,
        2417.760676955386
    ]
}