{
    "maxs": 8670.466126269603,
    "mins": 145.25437332830666,
    "avgs": 2706.899179363189,
    "meds": 2288.0716484252666,
    "upqs": 1420.6328649768006,
    "lwqs": 3775.6456835635445,
    "all_avgs": [
        2654.2854273986527,
        2830.1141655156657,
        2612.2533551162032,
        2752.885863740734,
        2607.5389306362335,
        2594.9383464223965,
        2781.564495162622,
        2647.246599622591,
        2564.096099411602,
        2603.090169662576,
        2892.8420738313275,
        2514.3214809408832,
        2615.4836758511833,
        2759.383638432147,
        2466.384649297886,
        2830.837179092152,
        2612.2873007176754,
        2630.5695656374173,
        2784.1436316768813,
        2809.6453280690066,
        2921.0922476111978,
        2866.1044470066886,
        2836.027422309712,
        2851.828851111568,
        3012.2981759449162,
        2730.3445202693138,
        2529.324360931431,
        2680.149153969187,
        2707.898645004924,
        2469.1924857968074,
        2608.6136503575767,
        2601.621620461824,
        2965.6326992301315,
        2374.0291845681904,
        2653.9640110566306,
        2850.528435665005,
        2380.752955693266,
        2680.6446357284144,
        2490.17704376904,
        2394.5808541331344,
        2819.972946632426,
        2758.270962424906,
        3086.568319825923,
        2583.6294474418496,
        2831.0653388924047,
        2922.920911643291,
        2852.8400612116448,
        2796.305192108995,
        2766.984556160623,
        2639.5206244295587,
        2825.0624098961885
    ]
}