{
    "maxs": 4957.417236830306,
    "mins": 139.55549357730936,
    "avgs": 1772.5616996181575,
    "meds": 1763.4481007216102,
    "upqs": 773.9397629264841,
    "lwqs": 2469.3318559653135,
    "all_avgs": [
        1771.4790304867179,
        1807.3220355570857,
        1685.7712777037584,
        1761.1434078942686,
        1881.346646782911,
        1960.9067692970427,
        1541.188810287769,
        1756.2887798090926,
        1906.6415754112627,
        1911.8903127330589,
        1745.3946322221652,
        2006.4395788279048,
        1904.5936659997801,
        1954.3928187789868,
        1611.6433384181605,
        1526.4659082319868,
        1689.7562341358507,
        1545.061924401779,
        1648.9441108118706,
        1770.7708476017297,
        1819.4894563624123,
        1741.9984882680844,
        1593.8678346380707,
        2175.5022587109065,
        2022.3121162469524,
        1951.963304344973,
        1809.141320520719,
        1731.0494533730216,
        1796.4591211525787,
        1848.1441256170979,
        1720.4686580466907,
        1746.2616081839149,
        1971.2316378603243,
        1633.9236808645499,
        1509.0970842159118,
        1609.9777628465722,
        1660.3701185003624,
        1971.6020151712864,
        1684.0605781787763,
        1696.6918010295049,
        1888.9082901306422,
        1937.260520940024,
        1759.3303087256493,
        1832.4139962370086,
        1606.9422345814414,
        1547.5302421571414,
        1660.147644218354,
        1688.7622341107854,
        1799.483748812899,
        1940.2704788455824,
        1658.542852240594
    ]
}