{
    "maxs": 4974.948369243862,
    "mins": 141.04917557918736,
    "avgs": 1775.7334426017242,
    "meds": 1759.6672226228056,
    "upqs": 748.533779006771,
    "lwqs": 2453.1782725468934,
    "all_avgs": [
        1736.3666407643334,
        1707.309861876272,
        1693.016814113026,
        1797.7519522032505,
        1985.9414970590178,
        1624.0367343247533,
        1661.0529821666235,
        1848.2632962081852,
        1687.564287768496,
        1783.05295734713,
        1920.0532026565952,
        1932.816346062609,
        1982.9878383428932,
        1918.307038085134,
        1903.8746503411523,
        1669.4131156222056,
        1809.3928279410527,
        1773.2144488210681,
        1763.4505001757716,
        1765.2482479573516,
        1674.4247898401115,
        1696.7278010521707,
        1641.0095381764052,
        1628.109674165995,
        1637.4693603136757,
        1762.7198525755612,
        1965.6582924750455,
        2010.4148216543617,
        1671.0671895492897,
        1713.4901397522046,
        1822.2995956098425,
        1698.9993281677223,
        1385.4433270262223,
        1675.7625397879187,
        1804.5911321576589,
        1770.4229608291519,
        1912.3162068344097,
        1733.7626043454104,
        1939.796120330866,
        1624.8097402477624,
        1831.6011971086002,
        1625.7558655773612,
        1819.8479456831417,
        1920.9216798934895,
        1637.678427408432,
        1961.8025839980075,
        1649.6146006330328,
        1960.1936892650554,
        1902.02466213605,
        1724.426010480053,
        1796.1286557760025
    ]
}