{
    "maxs": 2619.218841467389,
    "mins": 142.0242734890619,
    "avgs": 1151.3152836725114,
    "meds": 1158.590401332234,
    "upqs": 418.45303913774524,
    "lwqs": 1775.2187351780092,
    "all_avgs": [
        1140.3553463973276,
        1091.1636385607378,
        1313.636265795711,
        1222.1955279625931,
        1168.296255552259,
        1039.416595887748,
        1140.8734680642208,
        1268.6006968196386,
        1136.8397574426815,
        1276.1844334815214,
        1187.913117044477,
        1295.2967709247127,
        938.9218038300259,
        1173.8111363943021,
        1207.0937369913702,
        1167.0761059385636,
        1109.130663565235,
        1263.2239941293062,
        1219.3938274017323,
        1221.2109203217597,
        1124.5413562451147,
        1058.2114062594396,
        1003.896219531521,
        1188.191489303393,
        1147.3205225444356,
        1314.278296675377,
        1083.655404821831,
        1068.0202719904935,
        1147.8962448455281,
        1092.2775250399768,
        1160.092500089198,
        1003.2052722796966,
        1191.9048623412114,
        1008.0276734351451,
        1056.0095679599401,
        1190.2476803042994,
        1091.5340618207993,
        887.0883491206861,
        1293.3865900519322,
        1227.9548369576453,
        1025.1482280099947,
        1174.007351233826,
        1113.7032012195773,
        1124.2405038546233,
        1216.6823473834336,
        1156.5012080221527,
        1167.2892768503884,
        1189.0852480258297,
        1243.9328089131334,
        1172.0895960330233,
        1216.0255036285143
    ]
}