{
    "maxs": 2588.176633279036,
    "mins": 142.7333022117114,
    "avgs": 1147.7029826116243,
    "meds": 1160.5621237208504,
    "upqs": 408.44857939336197,
    "lwqs": 1782.8068633838052,
    "all_avgs": [
        1193.1466478568113,
        1255.3742014867948,
        1177.402690175224,
        984.8401719437666,
        1224.1816659870874,
        1230.1891595074483,
        1234.7879823859541,
        1065.9395181775194,
        1045.3726071106546,
        1334.8773421867766,
        1097.6140912479555,
        1123.573426683788,
        1290.2094576156908,
        1121.3430383499085,
        1271.7798279037925,
        1063.819716587115,
        1170.569055642388,
        1286.1661566656176,
        1257.7921648888084,
        1118.4701023684593,
        1186.9540593992433,
        1093.8796243207446,
        1146.459103733989,
        1458.5897331383833,
        1203.5175514928487,
        1028.6452648444724,
        1139.0139415088147,
        1127.1237049725223,
        1186.7725574177027,
        1082.4847185602823,
        1097.487699412523,
        951.5209369573246,
        1086.912718475876,
        1178.4787170807595,
        1200.4105236131225,
        981.8064962038198,
        1198.9455934693976,
        1069.9004436288642,
        1359.0933895529774,
        1112.0047278819914,
        1108.8636567904575,
        1192.856696539652,
        1183.4049613607415,
        1254.9247921368512,
        977.9827928698936,
        1060.5817778035553,
        998.3094012655337,
        1036.6651723989398,
        1120.3616341948718,
        1122.5588859689074,
        1038.8918114262162
    ]
}