{
    "maxs": 2622.9078981398998,
    "mins": 139.55934400963682,
    "avgs": 1164.712997380719,
    "meds": 1192.4050779611964,
    "upqs": 420.6411259234471,
    "lwqs": 1800.4697352652738,
    "all_avgs": [
        1126.6485113644464,
        1189.0870154008128,
        1070.1778733321978,
        1143.965156300112,
        1067.1566097172397,
        1126.2435099742268,
        1124.9683995414898,
        1147.4241230420655,
        1088.3294505272245,
        1213.5963405035939,
        1278.6408763113523,
        1149.3263588177824,
        1173.9142463947323,
        1246.7237734521193,
        1051.4253787392502,
        1172.9121365549297,
        1211.0890403174851,
        1004.4706419693827,
        1310.6847026564612,
        1161.9102214025982,
        1250.1471508311647,
        1228.3915672361866,
        1136.1526003322597,
        1082.9902986492611,
        1221.1288557069086,
        1084.0735063806044,
        1188.3120659145823,
        1179.388358766269,
        1051.0134770726452,
        1024.2344053422223,
        1317.6057338930573,
        1231.1273171109024,
        1159.6229116475201,
        1109.0483377088722,
        1169.7295351313496,
        1147.6785321724074,
        1144.3585051204843,
        1091.2582415868546,
        1047.532672796368,
        1193.5384846332452,
        1397.583306103821,
        1243.1789538625842,
        1281.8803544606521,
        1123.8284905094008,
        1145.8434096187596,
        1118.1010229898043,
        1204.2444440031795,
        1382.5351338205548,
        1130.0677030704546,
        1109.3695380303764,
        1147.7035855944112
    ]
}