{
    "maxs": 7820.345965774802,
    "mins": 152.7535521519013,
    "avgs": 2985.225131134182,
    "meds": 2713.309615533996,
    "upqs": 1775.478585861387,
    "lwqs": 4132.433043297058,
    "all_avgs": [
        2905.5002989179616,
        2978.423878685254,
        2934.2793723011364,
        2993.4924718413513,
        3134.4718151487814,
        2982.802048118581,
        3037.3765233256677,
        2951.9247328430715,
        2919.897122254308,
        3025.069275778807,
        2761.5647694079894,
        2953.98728795126,
        3134.213670852477,
        3099.500450411118,
        2987.7292868648788,
        3046.788019912553,
        3039.5890785124343,
        2861.120625578926,
        3097.3644394136736,
        2956.369383379842,
        2888.2632023177507
    ]
}