{
    "maxs": 5475.867038110146,
    "mins": 152.38307932846453,
    "avgs": 2192.8536063081656,
    "meds": 2111.387572177988,
    "upqs": 1355.5222701134917,
    "lwqs": 3043.913487879433,
    "all_avgs": [
        2150.3538341232534,
        2179.816952161521,
        2199.690353220996,
        1918.8899370408028,
        2052.2388354682266,
        2191.238207856981,
        2158.0911278801923,
        2377.6579503967173,
        2230.687468631785,
        2334.235188588727,
        2305.8978772382516,
        2143.847637425574,
        2105.2322233131727,
        2609.5714210848696,
        2204.2119071793854,
        1990.4147356465642,
        2177.0174503851454,
        2025.5121433553818,
        2332.7974952336763,
        2131.0996290136677,
        2231.423357226597
    ]
}