{
    "maxs": 5517.414745415411,
    "mins": 155.3010030786762,
    "avgs": 2191.6098047879086,
    "meds": 2102.590895613809,
    "upqs": 1388.8903576611842,
    "lwqs": 3023.3549757798805,
    "all_avgs": [
        2199.808131041175,
        2156.4060820098166,
        2084.4538109799805,
        2289.850893178978,
        2380.5470360714157,
        2045.041212631804,
        2180.3477321022515,
        2186.9853488847093,
        2145.872310332099,
        2200.5165634552886,
        2120.9878613923056,
        2055.2106259921015,
        2374.6882921930633,
        2169.2188453767576,
        2211.4562673200458,
        2185.8983165547966,
        2117.1374556893024,
        1994.381652710427,
        2364.754625954391,
        2381.763807429994,
        2178.479029245382
    ]
}