{
    "maxs": 7763.468659922231,
    "mins": 152.52418449332592,
    "avgs": 2931.7097040874673,
    "meds": 2648.149780645535,
    "upqs": 1780.9056876357652,
    "lwqs": 4020.785190473836,
    "all_avgs": [
        2882.230122224533,
        2920.2879725331436,
        2902.9980662500034,
        2922.7424171828266,
        2806.7154665166704,
        3034.711535196612,
        2769.7584308037135,
        2754.761075675238,
        3096.8374064956006,
        2843.485036490114,
        3109.995078451975,
        2941.4780939271536,
        3238.1099587860544,
        2857.044185427164,
        2928.6392886822864,
        2989.1816770168616,
        2989.4942469858975,
        2891.37114721255,
        2817.425615757042,
        2803.3044995836717,
        3065.3324646376996
    ]
}