{
    "maxs": 5433.026036813319,
    "mins": 147.41169070687607,
    "avgs": 2166.6442761721487,
    "meds": 2088.753730647548,
    "upqs": 1350.6877163322915,
    "lwqs": 2952.7010841012047,
    "all_avgs": [
        2057.0981226588165,
        2095.2482701692766,
        2224.6504706322876,
        2209.9118971072903,
        2324.9915509966913,
        2243.8366220003386,
        2262.8219381237363,
        2212.5220496334528,
        1888.1704102288502,
        2036.0460160188638,
        2106.43340176627,
        2162.5667497467534,
        2001.5002830187814,
        2191.125555197943,
        2253.0740864067016,
        2225.8757889329104,
        2376.46428395781,
        2146.6193806809024,
        2231.626800625734,
        2056.812976424902,
        2192.133145286805
    ]
}