{
    "maxs": 7690.097207046272,
    "mins": 153.3183455866586,
    "avgs": 2915.485952198852,
    "meds": 2644.020455736786,
    "upqs": 1767.8888812139714,
    "lwqs": 3994.654397373618,
    "all_avgs": [
        2859.5462764726826,
        3003.032592859768,
        2904.979611034837,
        2893.260980816267,
        3034.6227291750856,
        2825.2960768106395,
        2998.7173208645277,
        2925.262766471621,
        2608.9807975448202,
        2809.0518178448024,
        2994.93960759942,
        2992.366377331357,
        2886.012387754861,
        2984.5632224781375,
        2833.9173976870943,
        3068.323303106772,
        2843.610434807829,
        2893.272604924392,
        2889.8568435402326,
        2983.9595073691776,
        2991.63233968156
    ]
}