{
    "maxs": 54457.878760938394,
    "mins": 129.67145953537,
    "avgs": 6056.956018665428,
    "meds": 1769.442290031763,
    "upqs": 560.640428286233,
    "lwqs": 6196.34811880449,
    "all_avgs": [
        7010.411575835546,
        3592.4458555626225,
        4987.80656038862,
        6243.050564718485,
        7854.162879883169,
        6964.0923612580245,
        5427.408909339768,
        8098.871552706799,
        4262.604681075841,
        6128.70524588541
    ]
}