{
    "maxs": 54926.2014169171,
    "mins": 130.26130596257542,
    "avgs": 5915.03594215427,
    "meds": 1773.670776536621,
    "upqs": 553.3573026535878,
    "lwqs": 6202.867569838828,
    "all_avgs": [
        6652.027995900539,
        5130.501704135463,
        8548.652509446589,
        4765.655912414906,
        8034.947839839632,
        4972.927273353674,
        4772.0620056329435,
        6494.98509062187,
        6182.846372362315,
        3595.7527178347655
    ]
}