{
    "maxs": 54590.16176057675,
    "mins": 128.54421444049018,
    "avgs": 6110.623067075141,
    "meds": 1782.5638840979143,
    "upqs": 587.3239451994236,
    "lwqs": 6460.72254524016,
    "all_avgs": [
        4910.116103876404,
        8584.93050255727,
        7432.2306900765,
        5381.972351118006,
        4257.473552831578,
        7077.944078747102,
        6092.342978210691,
        6206.736063476353,
        3815.1508977685194,
        7347.333452088982
    ]
}