{
    "maxs": 51509.308228900474,
    "mins": 132.2017411660957,
    "avgs": 5854.28471549173,
    "meds": 1753.3372374345338,
    "upqs": 652.9842894549922,
    "lwqs": 6162.463645454016,
    "all_avgs": [
        3772.820450179257,
        4625.554047110863,
        7390.519386486981,
        6215.067889675004,
        5716.399749681829,
        7144.451670107322,
        4872.33725667848,
        8718.086871728578,
        3805.3290690839817,
        6282.280764185006
    ]
}