{
    "maxs": 53757.97171379026,
    "mins": 128.44807548527814,
    "avgs": 6124.126406627366,
    "meds": 1784.872956423368,
    "upqs": 547.444790842916,
    "lwqs": 6354.224579782409,
    "all_avgs": [
        5640.799827504675,
        4762.180545021827,
        6199.520511566871,
        6733.951398920955,
        6201.219257783344,
        4383.213174653705,
        5350.541945832097,
        7115.320098616257,
        5905.795868945126,
        8948.721437428801
    ]
}