{
    "maxs": 55910.23774949487,
    "mins": 129.8213985308257,
    "avgs": 6259.0400736626625,
    "meds": 1788.8290385907483,
    "upqs": 627.5678823672488,
    "lwqs": 6488.841718115214,
    "all_avgs": [
        7484.7757263125095,
        7216.651831116718,
        3885.21894581878,
        5581.05075485637,
        5094.44764985541,
        4777.487929467876,
        6819.318349139698,
        7878.25385912907,
        6180.979216015357,
        7672.2164749148305
    ]
}