{
    "maxs": 49151.08118318478,
    "mins": 130.10443133108208,
    "avgs": 5653.097328262019,
    "meds": 1773.8651001652324,
    "upqs": 477.1973628888103,
    "lwqs": 5710.125715628681,
    "all_avgs": [
        7003.505160119284,
        5169.0518954107265,
        4929.05810780163,
        5181.868608279083,
        5043.104160842259,
        5076.495575050535,
        5476.736303986568,
        6817.3734861048615,
        7129.583404866019,
        4704.1965801592205
    ]
}