{
    "maxs": 52167.58273799711,
    "mins": 130.8709221286542,
    "avgs": 6108.844548868334,
    "meds": 1790.1920445081826,
    "upqs": 549.2358539670543,
    "lwqs": 6449.3960299061055,
    "all_avgs": [
        6076.217014797396,
        5569.290953978647,
        4526.244378565101,
        4432.004816369087,
        5096.587210617054,
        6209.29462064142,
        10656.199370579263,
        5683.2004455755,
        6893.7609256833675,
        5945.645751876513
    ]
}