{
    "maxs": 52935.40061879181,
    "mins": 128.53991793959216,
    "avgs": 5854.704845072261,
    "meds": 1749.507782621394,
    "upqs": 554.9237730918011,
    "lwqs": 6012.183285432888,
    "all_avgs": [
        4790.963911083868,
        7316.38264548725,
        5478.540918579748,
        7872.793442403826,
        3789.680534019467,
        6364.864972702772,
        4194.393341205897,
        4885.152394574519,
        5080.124954837956,
        8774.151335827317
    ]
}