{
    "maxs": 54528.88750408955,
    "mins": 129.50271254892738,
    "avgs": 6203.9370856450705,
    "meds": 1804.1147011139572,
    "upqs": 559.4964693838745,
    "lwqs": 6258.572528200102,
    "all_avgs": [
        7988.693144049979,
        8592.957654382424,
        4983.982302912581,
        7817.78934438634,
        4179.085191388404,
        8199.37800754675,
        5215.84172862393,
        4008.652245626855,
        5447.2845338669795,
        5605.706703666459
    ]
}