{
    "maxs": 49179.63570990852,
    "mins": 131.46665591400296,
    "avgs": 5824.090169696041,
    "meds": 1774.1832937319425,
    "upqs": 561.9129988371002,
    "lwqs": 6015.32337633584,
    "all_avgs": [
        5216.853767241484,
        2496.1124209959953,
        4659.990300660711,
        8676.476027444449,
        8015.030408038314,
        7654.644574865396,
        5316.326202854702,
        7448.33864672155,
        4449.078464331044,
        4308.050883806761
    ]
}