{
    "maxs": 55971.466901192245,
    "mins": 129.7025895416302,
    "avgs": 6018.362026500412,
    "meds": 1756.103183229503,
    "upqs": 583.5021736003803,
    "lwqs": 6068.771046028459,
    "all_avgs": [
        7182.666567535306,
        5082.852545276581,
        7890.002237478099,
        3903.761610806578,
        6165.84616663555,
        6110.145704279322,
        6482.321290197693,
        7916.203539931312,
        4003.7929814560757,
        5446.027621407604
    ]
}