{
    "maxs": 50088.45793215748,
    "mins": 130.38571019598882,
    "avgs": 5578.705629594982,
    "meds": 1740.0235593396403,
    "upqs": 503.29600349682096,
    "lwqs": 5531.8381574022,
    "all_avgs": [
        5623.299583066929,
        6145.5776351380755,
        7140.8351292887,
        5745.1365310820365,
        6425.815214241202,
        5146.814309584437,
        6514.6913060388415,
        4606.12763077279,
        4158.826612083313,
        4279.932344653497
    ]
}