{
    "maxs": 58532.931962718096,
    "mins": 132.00589334609163,
    "avgs": 6376.9294273017795,
    "meds": 1811.9181852383895,
    "upqs": 739.0040409061352,
    "lwqs": 6612.243899107358,
    "all_avgs": [
        4276.914149112807,
        8446.010898017023,
        7759.176009946696,
        6360.319923951191,
        6817.969745127273,
        3337.3156542421398,
        6841.615475776829,
        7043.035296172574,
        5783.356396933719,
        7103.580723737538
    ]
}