{
    "maxs": 44389.81863109971,
    "mins": 127.95223857660544,
    "avgs": 4859.968408288132,
    "meds": 1680.173831268389,
    "upqs": 388.085799903664,
    "lwqs": 4936.153975603625,
    "all_avgs": [
        5589.855050668776,
        4585.1972898597005,
        2027.0529601790197,
        5361.256091262589,
        5462.1404543267445,
        4441.14228490296,
        3483.2288369443245,
        5404.206998545192,
        5899.882150097376,
        6345.721966094645
    ]
}