{
    "maxs": 56854.32248237445,
    "mins": 129.3566894736611,
    "avgs": 6152.372899550752,
    "meds": 1782.1213718844924,
    "upqs": 569.2346523593062,
    "lwqs": 6034.907789690275,
    "all_avgs": [
        5403.913871212922,
        6632.348923719765,
        8363.815830486325,
        3848.2545538569016,
        5705.734307996549,
        5701.986561124719,
        7676.653447341708,
        4593.777306955038,
        6376.399664407271,
        7220.844528406321
    ]
}