{
    "maxs": 58666.28981257444,
    "mins": 131.14307520162987,
    "avgs": 6328.774039780504,
    "meds": 1820.620102525554,
    "upqs": 580.6907161422043,
    "lwqs": 6669.5740252433725,
    "all_avgs": [
        5810.35934175689,
        5174.105051692088,
        5599.415310150038,
        6405.89182049258,
        10051.218543738432,
        7299.034512371574,
        5156.065559891737,
        4868.2825609445235,
        6434.6487848696015,
        6488.718911897573
    ]
}