{
    "maxs": 52755.7668965294,
    "mins": 130.78629174622233,
    "avgs": 6039.0539677993775,
    "meds": 1786.236066628726,
    "upqs": 570.1610092384137,
    "lwqs": 6418.302248158134,
    "all_avgs": [
        7795.968054216612,
        5058.741105974187,
        5531.685912135046,
        7337.050056095566,
        4985.310737098896,
        4519.072602382211,
        7015.546588551499,
        5579.9021712898575,
        5028.571197230284,
        7538.691253019613
    ]
}