{
    "maxs": 57206.647847129534,
    "mins": 132.65742748103986,
    "avgs": 6351.058978765504,
    "meds": 1795.0542405758156,
    "upqs": 656.2988522949956,
    "lwqs": 6323.753284815818,
    "all_avgs": [
        6406.01428210536,
        5653.723689030885,
        8758.777943113038,
        5974.752413506418,
        5564.417494207965,
        7599.345142420553,
        5922.838960862935,
        5740.925859671052,
        7601.340443499531,
        4288.453559237308
    ]
}