{
    "maxs": 54269.14792540481,
    "mins": 130.47371726377867,
    "avgs": 5892.5603117083065,
    "meds": 1755.0287529815294,
    "upqs": 524.3685360536108,
    "lwqs": 6203.865020471794,
    "all_avgs": [
        6177.982427600717,
        4914.085580237183,
        5374.311765718462,
        7097.5175914882075,
        5865.653432431772,
        5257.066851198012,
        3763.349757818011,
        7094.238475851326,
        7202.8408598702545,
        6178.55637486913
    ]
}