{
    "maxs": 62354.260401864805,
    "mins": 129.81055567233705,
    "avgs": 6839.132954671894,
    "meds": 1809.2267359970524,
    "upqs": 663.1300813241047,
    "lwqs": 7198.263940234885,
    "all_avgs": [
        7726.320512283061,
        6221.646714359189,
        8689.206857757956,
        5465.249581600044,
        6107.447647852235,
        7463.44886653093,
        5807.058583070197,
        5894.546251183251,
        8547.264828791187,
        6469.13970329089
    ]
}