{
    "maxs": 54414.84752527331,
    "mins": 130.4492517241476,
    "avgs": 6025.042327027547,
    "meds": 1776.1020111989596,
    "upqs": 518.5251783164215,
    "lwqs": 6464.930965086249,
    "all_avgs": [
        5891.870993999141,
        6628.313704213866,
        5520.778136396391,
        6643.976076037091,
        5353.514135750134,
        8313.653192769496,
        4438.199214816065,
        5008.4328238738835,
        5817.570328242197,
        6634.114664177202
    ]
}