{
    "maxs": 56274.29022487397,
    "mins": 131.26894736082087,
    "avgs": 6114.6812744317085,
    "meds": 1778.103727595956,
    "upqs": 577.5693815165192,
    "lwqs": 6285.677460619638,
    "all_avgs": [
        4564.029682377501,
        4028.7870942795826,
        5465.287384955051,
        7511.813894050108,
        7028.442906570425,
        8756.639887814574,
        5234.028401810632,
        7653.836566960531,
        6430.0509604091385,
        4473.8959650895395
    ]
}