{
    "maxs": 53591.92253825206,
    "mins": 128.87100958251327,
    "avgs": 5996.469412770964,
    "meds": 1776.9750475178425,
    "upqs": 536.8230332314804,
    "lwqs": 6276.639313869995,
    "all_avgs": [
        6389.014339637349,
        6631.848505789763,
        6089.638326934328,
        6862.601776195645,
        4818.331037919226,
        4933.891598260419,
        7222.321873366435,
        5268.923939312441,
        6662.318549828547,
        5085.804180465479
    ]
}