{
    "maxs": 48866.4883499923,
    "mins": 130.00260065257962,
    "avgs": 5531.664647591286,
    "meds": 1742.401918350617,
    "upqs": 546.744525051749,
    "lwqs": 5571.210969879487,
    "all_avgs": [
        4819.584551339242,
        4105.637551095524,
        3395.580431613355,
        6933.259326361929,
        6399.228531507513,
        7034.05477383136,
        7287.1227555794285,
        7633.222024789654,
        2689.579313397234,
        5019.377216397615
    ]
}