{
    "maxs": 54955.275791954366,
    "mins": 132.07371877812636,
    "avgs": 5947.859289958977,
    "meds": 1756.8917999819382,
    "upqs": 558.4755071231416,
    "lwqs": 6075.1774454417755,
    "all_avgs": [
        8303.207493509446,
        7506.139023110356,
        7304.10131427727,
        5370.095936931096,
        6588.851859698945,
        6884.12204663686,
        4911.707872085844,
        4996.457437388455,
        4131.850895260178,
        3482.0590206913143
    ]
}