{
    "maxs": 50940.621870063755,
    "mins": 129.24486421307728,
    "avgs": 5657.88773773538,
    "meds": 1762.6852344636875,
    "upqs": 472.0983013428242,
    "lwqs": 5961.546932221185,
    "all_avgs": [
        5669.18508576147,
        4898.656810931174,
        3974.8469374849524,
        4879.878522768006,
        6048.954865089201,
        6374.949240987961,
        5315.97081234975,
        4993.887351433034,
        6820.405283778184,
        7602.142466770064
    ]
}