{
    "maxs": 51709.77457713383,
    "mins": 131.0552688147986,
    "avgs": 5516.515938528821,
    "meds": 1715.1700859563093,
    "upqs": 501.9004502791744,
    "lwqs": 5633.710786893766,
    "all_avgs": [
        4991.031389542076,
        4813.572274504557,
        6474.5008712791105,
        7170.082110293711,
        3643.3261372435154,
        4394.647411958434,
        6782.822462683518,
        7918.770179303745,
        3368.453425324685,
        5607.95312315486
    ]
}