{
    "maxs": 45157.4550769697,
    "mins": 128.6652164944914,
    "avgs": 4990.833808475104,
    "meds": 1686.050792219256,
    "upqs": 391.9245229715947,
    "lwqs": 4827.930812947446,
    "all_avgs": [
        2273.6122639552323,
        3710.833174077215,
        5996.11232650739,
        4996.612627372084,
        6353.021868264095,
        4806.172689754772,
        5609.6512220197465,
        4210.256632132478,
        5312.338227580252,
        6639.727053087769
    ]
}