{
    "maxs": 53195.55891556429,
    "mins": 129.70829509132608,
    "avgs": 5848.368416002949,
    "meds": 1761.6604497974472,
    "upqs": 477.50868359605875,
    "lwqs": 5888.6407041045195,
    "all_avgs": [
        5441.935554012155,
        7483.807193884143,
        5696.9224785461865,
        3728.4986960417923,
        7042.0434418411805,
        7071.076414764698,
        5177.098374792311,
        5599.7126164817255,
        5916.515860607755,
        5326.073529057547
    ]
}