{
    "maxs": 48931.53145081783,
    "mins": 129.48909332665923,
    "avgs": 5368.624889594757,
    "meds": 1742.3595538154302,
    "upqs": 471.7655693320169,
    "lwqs": 5385.125211199993,
    "all_avgs": [
        6496.619653944502,
        4696.8263785823465,
        6319.104214754971,
        4289.85867218755,
        4435.71001668908,
        5108.30460464787,
        5037.165140008575,
        6417.441231307153,
        6339.920957906447,
        4545.298025919079
    ]
}