{
    "maxs": 53573.97378941871,
    "mins": 132.83941598835492,
    "avgs": 6114.363505372202,
    "meds": 1773.772739180574,
    "upqs": 657.1690511498693,
    "lwqs": 6582.1886208681,
    "all_avgs": [
        6646.349863774373,
        6256.690753096081,
        8207.309630510816,
        3877.195081179246,
        8272.784414125683,
        7207.883146856428,
        5375.720989948869,
        6195.4328812585645,
        4277.168789514116,
        4827.099503457851
    ]
}