{
    "maxs": 54262.068624686915,
    "mins": 263.0027346984001,
    "avgs": 5944.782238772565,
    "meds": 1767.8037386440744,
    "upqs": 728.1234296976272,
    "lwqs": 5959.359088888276,
    "all_avgs": [
        8791.597008909339,
        7061.558764409806,
        6950.67681186634,
        6121.375279629242,
        7291.486171184778,
        3096.7041287942534,
        5115.5685110643935,
        4623.3826892926245,
        5073.199801642481,
        6032.333897208192,
        5234.721562496758
    ]
}