{
    "maxs": 58629.261834091456,
    "mins": 257.2248979427415,
    "avgs": 6779.229646794087,
    "meds": 1841.8006533917794,
    "upqs": 807.825295185581,
    "lwqs": 6935.934490087038,
    "all_avgs": [
        7949.531991391177,
        7648.711790032729,
        7634.40820650908,
        8034.6617400627565,
        5432.838525580535,
        9141.621051318329,
        6702.168583592793,
        5409.245392790359,
        5797.6138850607695,
        6236.787494930144,
        4583.937453466276
    ]
}