{
    "maxs": 52439.852533030884,
    "mins": 196.67189071607484,
    "avgs": 5773.301949351402,
    "meds": 1762.1296877727173,
    "upqs": 619.0152314626208,
    "lwqs": 5858.789749210985,
    "all_avgs": [
        5793.529769149755,
        7513.249989779722,
        4923.691262050184,
        5127.801664545214,
        6756.653579780951,
        4867.780704491499,
        3312.373252207786,
        7148.975814425501,
        6182.493313050803,
        6518.287210609713,
        5361.484882774294
    ]
}