{
    "maxs": 50002.37908233684,
    "mins": 198.99351513641466,
    "avgs": 5611.591205031185,
    "meds": 1761.8540046071284,
    "upqs": 599.3046411219876,
    "lwqs": 5660.6314754608375,
    "all_avgs": [
        6565.7156612330255,
        7600.65663325789,
        4976.531177741809,
        7859.093708164463,
        5002.5142089049705,
        6547.278082290448,
        5575.450170177935,
        5178.766439867214,
        3493.4796846786207,
        4966.653392829091,
        3961.3640961975734
    ]
}