{
    "maxs": 45381.767482310344,
    "mins": 196.11395395161873,
    "avgs": 5058.406287157154,
    "meds": 1731.5593945969465,
    "upqs": 539.8042667776367,
    "lwqs": 5154.017774630914,
    "all_avgs": [
        4930.268822710509,
        5028.073868654871,
        5608.84586832652,
        4895.433989994129,
        6489.033718239782,
        6470.252279176276,
        3868.0820715050377,
        3630.1010061373963,
        4895.479535772357,
        4000.136084845073,
        5826.761913366746
    ]
}