{
    "maxs": 54077.49035622098,
    "mins": 390.3102226494529,
    "avgs": 6039.571555490008,
    "meds": 1775.5238710500832,
    "upqs": 949.2645519547256,
    "lwqs": 6123.470285003058,
    "all_avgs": [
        3532.19560354666,
        8149.225864597794,
        3822.610245162531,
        5477.013199171541,
        7004.608434073282,
        8265.752486693136,
        10664.053720584296,
        5960.678821071435,
        4582.304716074363,
        4729.452138446798,
        4247.391880968255
    ]
}