{
    "maxs": 53033.04673537011,
    "mins": 454.25704065682277,
    "avgs": 6098.736007576063,
    "meds": 1741.6345698835912,
    "upqs": 1029.0186673519308,
    "lwqs": 6171.219614645486,
    "all_avgs": [
        5140.2576005162155,
        4030.796976164474,
        3973.188492698509,
        4476.1323381096045,
        5136.048832605979,
        8788.893555567545,
        10043.960529098998,
        4892.841857657673,
        5690.607287923346,
        7523.372365460534,
        7389.996247533808
    ]
}