{
    "maxs": 79459.47355221532,
    "mins": 514.6105724155412,
    "avgs": 9238.452208141118,
    "meds": 2007.239058014329,
    "upqs": 1221.647575446302,
    "lwqs": 9994.185811396499,
    "all_avgs": [
        8193.733898084934,
        8209.008007002598,
        8717.175996582548,
        7465.016988570985,
        11385.68210159775,
        10153.102636619116,
        10824.351335964702,
        10590.377609899506,
        9825.055303163164,
        7770.859238767807,
        8488.611173299194
    ]
}