{
    "maxs": 52967.247413997284,
    "mins": 130.54449770831837,
    "avgs": 5962.913978310669,
    "meds": 1781.8829128092957,
    "upqs": 579.5387545737108,
    "lwqs": 6124.8328415616525,
    "all_avgs": [
        5880.154440473116,
        4319.809487154645,
        6077.92370307881,
        6525.471250434638,
        4019.3676677983526,
        8531.828478392516,
        4047.1474526408206,
        5256.4682571196545,
        6306.62837228431,
        6931.49549136893,
        7695.759160671577
    ]
}