{
    "maxs": 54147.64564850154,
    "mins": 390.255911834019,
    "avgs": 6124.58852459804,
    "meds": 1780.5693433704066,
    "upqs": 960.6755803534473,
    "lwqs": 6235.528765413633,
    "all_avgs": [
        6811.622969468634,
        7914.305941943863,
        4056.3002601207163,
        5992.467561919012,
        8013.431956229486,
        6100.140852611785,
        5472.270007220965,
        5361.122965970238,
        5463.125315030953,
        5822.9004172957,
        6362.785522767086
    ]
}