{
    "maxs": 47706.06898710701,
    "mins": 328.76056410427685,
    "avgs": 5499.848603967429,
    "meds": 1726.1088362962125,
    "upqs": 800.2828857167664,
    "lwqs": 5508.5332507833145,
    "all_avgs": [
        4811.120347341155,
        6133.223493300957,
        4502.143234270406,
        6707.210965442705,
        5244.071299801606,
        7882.70069592248,
        6742.242293425969,
        5268.631800914612,
        2841.3267201478857,
        4937.357594013636,
        5428.306199060299
    ]
}