{
    "maxs": 54941.53454733696,
    "mins": 197.94741084276237,
    "avgs": 6182.021796419157,
    "meds": 1773.9774938437652,
    "upqs": 656.7701491367944,
    "lwqs": 6173.951429445835,
    "all_avgs": [
        7778.65277551583,
        6190.592082242294,
        4647.361711234265,
        7578.714946600228,
        5392.04498833571,
        6515.222954344193,
        7189.820523673491,
        7096.786561432816,
        4450.20934656416,
        7083.106781134114,
        4079.727089533621
    ]
}