{
    "maxs": 58499.73000183276,
    "mins": 456.43670723195737,
    "avgs": 6833.331968826999,
    "meds": 1807.219018319519,
    "upqs": 1064.0580805236398,
    "lwqs": 7076.011395222477,
    "all_avgs": [
        6504.321232567018,
        10653.734100215772,
        5478.98095706918,
        6119.891936650346,
        9530.234756468843,
        5539.802820171529,
        6678.366626206471,
        6805.937330966298,
        6860.564494305886,
        6711.6170618486,
        4283.200340627058
    ]
}