{
    "maxs": 54636.28285391317,
    "mins": 323.6820075443524,
    "avgs": 6423.038811225296,
    "meds": 1793.580327624779,
    "upqs": 896.4688436291151,
    "lwqs": 6916.013452242918,
    "all_avgs": [
        5748.892506879525,
        7337.108846657017,
        4984.426876063371,
        6368.571871418357,
        9176.714474297109,
        11971.99929861708,
        3547.1889303031694,
        4923.711889850105,
        6663.294045059267,
        4045.8004182938594,
        5885.7177660394
    ]
}