{
    "maxs": 56426.8324643102,
    "mins": 387.67881967521606,
    "avgs": 6294.499236838525,
    "meds": 1779.8211646479556,
    "upqs": 942.448968818626,
    "lwqs": 6371.376331168367,
    "all_avgs": [
        5478.843318619584,
        5965.161217349316,
        8219.707001709676,
        7113.669573368643,
        5917.227664920222,
        4632.457486598904,
        6257.244116276426,
        5895.045393127222,
        8657.891793807012,
        5815.520241811322,
        5286.723797635455
    ]
}