{
    "maxs": 55346.23817529635,
    "mins": 456.4056682689098,
    "avgs": 6351.188928275061,
    "meds": 1799.1576570735729,
    "upqs": 1058.6046558593318,
    "lwqs": 6436.573769559265,
    "all_avgs": [
        8413.203450456129,
        6475.083019405617,
        7198.945797059336,
        5378.638330615636,
        8262.62791418525,
        6271.284046057615,
        3750.1081713057233,
        8959.919994899847,
        4909.864620969674,
        5117.2013471019845,
        5126.201518968857
    ]
}