{
    "maxs": 54341.12251325403,
    "mins": 259.54379203100615,
    "avgs": 6076.491977798258,
    "meds": 1777.4643845123805,
    "upqs": 725.1896611188287,
    "lwqs": 6128.98663492688,
    "all_avgs": [
        7063.463793719445,
        4173.873113271692,
        6882.143034307276,
        4398.49708463886,
        7765.667737848035,
        7396.30005211847,
        5516.994985305019,
        5369.629687809049,
        5757.433163501277,
        5593.052804086723,
        6924.356299174982
    ]
}