{
    "maxs": 52815.28806229348,
    "mins": 64.78649842405322,
    "avgs": 5936.794074708473,
    "meds": 1779.1857052064865,
    "upqs": 386.0621982054044,
    "lwqs": 5997.7971428826095,
    "all_avgs": [
        5763.488557573871,
        5965.484157443052,
        5524.140685349996,
        6070.272968652355,
        4916.174785394317,
        4938.649005834977,
        7988.563307811847,
        4346.5046446035885,
        3975.584284132394,
        8535.84430955771,
        7280.028115439097
    ]
}