{
    "maxs": 56649.31146485771,
    "mins": 324.35413863459854,
    "avgs": 6368.231402700915,
    "meds": 1815.8966452765467,
    "upqs": 842.0762270213073,
    "lwqs": 6721.259522396864,
    "all_avgs": [
        6255.912127975327,
        9051.634648113395,
        5287.065024512508,
        3278.661178892862,
        6725.062025151683,
        6265.14732121531,
        6312.6049904873,
        5730.566811235402,
        6637.436747331569,
        6060.2815081479785,
        8446.17304664672
    ]
}