{
    "maxs": 52608.83406548657,
    "mins": 513.1348986244889,
    "avgs": 6106.225038539226,
    "meds": 1772.9607106253918,
    "upqs": 1144.035074102606,
    "lwqs": 6291.298461645368,
    "all_avgs": [
        6406.523825980728,
        6238.567344790534,
        6218.209669479886,
        6460.3268089802405,
        7016.8501707994865,
        5591.250426440115,
        4674.1783067748265,
        6155.334605809319,
        8451.788837556982,
        5321.870004105661,
        4633.575423213724
    ]
}