{
    "maxs": 48404.4702796502,
    "mins": 129.98546660874956,
    "avgs": 5258.861789299315,
    "meds": 1731.8201054637414,
    "upqs": 442.7248699818188,
    "lwqs": 5307.040313307655,
    "all_avgs": [
        5734.655789478831,
        4267.104178224154,
        3562.927020583985,
        7560.687213697273,
        4826.144720618192,
        7004.060586268089,
        5982.544246715236,
        5675.0291142045335,
        3467.6700481400817,
        5971.966592612525,
        3794.690171749567
    ]
}