{
    "maxs": 58274.857041523566,
    "mins": 65.37759130981676,
    "avgs": 6523.674643247312,
    "meds": 1809.8261505965302,
    "upqs": 595.1719507512381,
    "lwqs": 6792.328121370579,
    "all_avgs": [
        6899.981294754566,
        8641.58088048082,
        6167.975976824236,
        3821.8608769027546,
        4514.138382813671,
        6606.069465295895,
        6740.084054938489,
        8024.280364387917,
        9678.459063772163,
        5710.812415094718,
        4955.178300455201
    ]
}