{
    "maxs": 59591.644113580376,
    "mins": 65.85846900206603,
    "avgs": 6713.354189996638,
    "meds": 1826.1609134983553,
    "upqs": 602.70136305074,
    "lwqs": 7196.047946927717,
    "all_avgs": [
        5184.7906417170125,
        5422.598224983419,
        7099.566161297192,
        6911.885106081885,
        8704.09863246086,
        7241.479885874923,
        4794.988441579719,
        8133.073175408423,
        7402.440044762637,
        8202.744564213934,
        4749.231211583011
    ]
}