{
    "maxs": 46915.09031584539,
    "mins": 326.3986619581381,
    "avgs": 5384.705951254559,
    "meds": 1733.2410490248528,
    "upqs": 792.987421709136,
    "lwqs": 5339.845250099278,
    "all_avgs": [
        7249.787843469522,
        5689.187182276899,
        3470.1299983304616,
        6199.349450377584,
        5672.126332608791,
        4736.4751327419135,
        4020.596433926836,
        5069.565415706427,
        6427.3908051135395,
        6779.80328762834,
        3917.3535816198323
    ]
}