{
    "maxs": 53650.998685638726,
    "mins": 509.93899533261884,
    "avgs": 6451.112077182503,
    "meds": 1798.7138560890608,
    "upqs": 1121.7228652857252,
    "lwqs": 6524.728059357871,
    "all_avgs": [
        4746.423345959113,
        5189.358288844564,
        7101.79013415379,
        6487.667272506152,
        6602.044610486111,
        5489.3598648545385,
        8194.450472612229,
        6248.352124380144,
        8036.9304219104815,
        5743.377196065688,
        7122.479117234714
    ]
}