{
    "maxs": 47705.57001562295,
    "mins": 65.57387633335607,
    "avgs": 5105.154724145862,
    "meds": 1707.197618298076,
    "upqs": 293.6517796755336,
    "lwqs": 5048.361334424551,
    "all_avgs": [
        6157.905205580221,
        3281.443522544698,
        5498.820911227067,
        7199.797060669635,
        5063.171628410979,
        5046.817277270762,
        4482.674846997351,
        6392.402099668993,
        4712.287314846391,
        3047.1820177099653,
        5274.200080678422
    ]
}