{
    "maxs": 48857.25368884812,
    "mins": 455.359343588075,
    "avgs": 5567.838966105806,
    "meds": 1726.7007367158128,
    "upqs": 1013.1851008929713,
    "lwqs": 5428.803441537224,
    "all_avgs": [
        3944.8688447519608,
        5607.874798376637,
        9330.328797176704,
        4443.008121203044,
        5828.768106291399,
        4041.810288253707,
        5623.46770913767,
        6030.093342900204,
        5602.45487345654,
        5013.235520719229,
        5780.318224896771
    ]
}