{
    "maxs": 49351.62085312218,
    "mins": 258.03467649466256,
    "avgs": 5722.572467745361,
    "meds": 1765.7571896455656,
    "upqs": 716.3965353926684,
    "lwqs": 5774.957829080773,
    "all_avgs": [
        5334.298952126116,
        5283.996130491179,
        3878.7649422141553,
        5720.365833598099,
        6246.5130807273135,
        6112.221156714433,
        6886.969118752185,
        6664.682610433605,
        7378.165529371848,
        5259.93479043824,
        4182.385000331792
    ]
}