{
    "maxs": 60987.61876104334,
    "mins": 515.0023833809718,
    "avgs": 6993.327302311571,
    "meds": 1861.5586217096507,
    "upqs": 1162.6458915275177,
    "lwqs": 7023.037954707863,
    "all_avgs": [
        6849.574431891344,
        7760.563331230851,
        4520.722174915275,
        10105.881197408653,
        8145.694044577786,
        6983.892735692943,
        4866.493125609091,
        9776.895148726193,
        6330.9529111429865,
        5581.193669750003,
        6004.737554482157
    ]
}