{
    "maxs": 50105.917413865944,
    "mins": 394.38590649733584,
    "avgs": 5691.316467555142,
    "meds": 1746.454760047725,
    "upqs": 943.1713694261051,
    "lwqs": 5484.801051317246,
    "all_avgs": [
        5862.958438982447,
        5631.781717037285,
        6389.549113932244,
        3742.9155946305837,
        7237.213254711268,
        6240.160526316393,
        4021.295187903757,
        3551.210220957904,
        5838.703163143376,
        5541.94035488815,
        8546.75357060315
    ]
}