{
    "maxs": 56813.2776458306,
    "mins": 131.06116829072377,
    "avgs": 6171.161811280862,
    "meds": 1800.6205908162694,
    "upqs": 598.7118131590522,
    "lwqs": 6415.720130276259,
    "all_avgs": [
        5953.186961876775,
        6053.249045259079,
        6507.651510612641,
        6479.2097556305525,
        6747.27978962127,
        6332.487671243684,
        6389.299735588235,
        4194.969707061985,
        7097.507743619069,
        7108.593114369201,
        5019.344889207
    ]
}