{
    "maxs": 49566.24526838605,
    "mins": 130.39258137036086,
    "avgs": 5434.341123130442,
    "meds": 1727.3206301834728,
    "upqs": 418.1126858810919,
    "lwqs": 5494.561704177134,
    "all_avgs": [
        6306.243130689306,
        5014.906264770159,
        5132.183712611776,
        5672.47754191604,
        5918.721007858654,
        4695.646918147527,
        4854.7503070985185,
        5836.047061138952,
        7692.589463602082,
        4314.2084233681,
        4339.978523233747
    ]
}