{
    "maxs": 54764.32165598208,
    "mins": 130.11172451665402,
    "avgs": 6063.444313030143,
    "meds": 1785.1143178267039,
    "upqs": 555.7290338177286,
    "lwqs": 6181.117234579008,
    "all_avgs": [
        4932.800363130757,
        6031.720714887859,
        5364.699367316928,
        3722.0596241452663,
        4299.1243245932155,
        5071.451485466421,
        5738.921714569173,
        4206.459457186946,
        7814.9478981600705,
        10791.896912869835,
        8723.805581005108
    ]
}