{
    "maxs": 287642.3327599708,
    "mins": 128.7851038783907,
    "avgs": 30393.498955510524,
    "meds": 3154.6177305346996,
    "upqs": 1083.6584199050767,
    "lwqs": 33633.31164866291,
    "all_avgs": [
        27750.104080492536,
        26335.157785039843,
        35185.22535268579,
        43668.71726261422,
        22035.88210412807,
        30743.916734433184,
        25970.434539069956,
        24558.387280791634,
        36851.39507695644,
        29405.420510623866,
        31823.847783780195
    ]
}