{
    "maxs": 1904.443996730085,
    "mins": 132.5196749015984,
    "avgs": 851.3100335447308,
    "meds": 634.9094157527285,
    "upqs": 271.1129744862236,
    "lwqs": 1505.3461338414113,
    "all_avgs": [
        876.4976350283536,
        713.5412920850489,
        777.6065807153101,
        862.3986790719758,
        860.2297611279265,
        911.4666008059324,
        848.0207448238256,
        898.2878251538214,
        907.1200448842524,
        781.2170469528531,
        928.0241583427395
    ]
}