{
    "maxs": 4603.766719328369,
    "mins": 129.01552128362968,
    "avgs": 1169.6698278282458,
    "meds": 1060.686947799388,
    "upqs": 269.45103577720124,
    "lwqs": 1775.5771907449284,
    "all_avgs": [
        1051.268937563435,
        1184.0391818939822,
        1086.4991752973028,
        1125.8801668725273,
        1208.7023884704147,
        1286.016820853641,
        897.2288621271532,
        1322.769866483524,
        1021.8898843562265,
        1600.5884978420656,
        1081.4843243504336
    ]
}