{
    "maxs": 17904.71699773325,
    "mins": 128.9810591962224,
    "avgs": 2532.438640476897,
    "meds": 1557.748033561297,
    "upqs": 391.86042783511033,
    "lwqs": 2763.237302617352,
    "all_avgs": [
        1538.4460935820623,
        2419.907284675239,
        2817.8910703940287,
        1834.9574463086578,
        2751.5184251553724,
        3449.3827926303707,
        4011.1254469849796,
        2589.76963371462,
        1920.920200686149,
        2337.34618205364,
        2185.560469060745
    ]
}