{
    "maxs": 16786.437136561166,
    "mins": 130.08129683897525,
    "avgs": 2289.7975212206507,
    "meds": 1523.9601618577,
    "upqs": 320.9279760750099,
    "lwqs": 2502.7062393940605,
    "all_avgs": [
        2137.407376964411,
        1510.1290869790619,
        2502.2374398841325,
        2752.369805933808,
        2756.4650641107596,
        1761.3560270953608,
        2559.333839315157,
        2516.6930127413466,
        1820.778503509118,
        2190.281267369981,
        2680.7213095240204
    ]
}