{
    "maxs": 43027.690483585284,
    "mins": 131.90354537585208,
    "avgs": 4964.432862795186,
    "meds": 1699.0055835683588,
    "upqs": 434.3899867372616,
    "lwqs": 5175.65431670101,
    "all_avgs": [
        6899.680141145825,
        4418.122078070491,
        7111.121611176208,
        3399.28673847128,
        4892.815236401084,
        3426.858607297315,
        4543.7621839808335,
        4978.15898316671,
        6532.986863303538,
        4441.2417534526985,
        3964.7272942810678
    ]
}