{
    "maxs": 132648.46343184914,
    "mins": 130.63787635479318,
    "avgs": 13689.659686402283,
    "meds": 2079.4555698441527,
    "upqs": 814.0935458404504,
    "lwqs": 14369.204829620727,
    "all_avgs": [
        15403.763036003844,
        12709.479088823915,
        17630.607949323672,
        5616.695379248361,
        13485.279809412816,
        10775.621426219162,
        12789.289395162778,
        14385.943711391617,
        17351.832653415237,
        12610.16202534174,
        17827.58207608198
    ]
}