{
    "maxs": 2317.2641166366766,
    "mins": 130.7618469522937,
    "avgs": 948.6458979686616,
    "meds": 830.4887221439993,
    "upqs": 260.9046583598456,
    "lwqs": 1637.2224099090067,
    "all_avgs": [
        941.1734903651887,
        969.0216233939161,
        822.1090466935736,
        855.7214834680806,
        1008.0083712617296,
        1003.9324695930826,
        941.5486202067591,
        869.6763317863396,
        1046.294029905789,
        1069.7673608235389,
        907.8520501572829
    ]
}