{
    "maxs": 1937.927386865257,
    "mins": 130.85313030814348,
    "avgs": 909.8379666931542,
    "meds": 828.8106619352187,
    "upqs": 277.67757689483574,
    "lwqs": 1555.760483932174,
    "all_avgs": [
        975.3166397595642,
        868.7489990508117,
        867.4822372141208,
        865.1044728236226,
        1048.4762073743154,
        855.6169315651687,
        814.5437079342697,
        839.5549551877205,
        884.6067253456089,
        961.7989117636025,
        1026.9678456058903
    ]
}