{
    "maxs": 2310.2779883218404,
    "mins": 132.99665285358154,
    "avgs": 953.6707828588737,
    "meds": 845.1761471049991,
    "upqs": 272.1184418725022,
    "lwqs": 1631.3089781495407,
    "all_avgs": [
        919.0607390014895,
        1091.3761419377427,
        867.6883744492285,
        999.4715756574511,
        960.5755128633508,
        908.0123195992538,
        981.9057071065351,
        1015.3326003522302,
        910.5371493184724,
        931.5585322958494,
        904.8599588660085
    ]
}