{
    "maxs": 4321.946689933396,
    "mins": 130.08296319700062,
    "avgs": 1144.0614562472867,
    "meds": 1055.0114363019952,
    "upqs": 277.77483652515946,
    "lwqs": 1745.9222720804923,
    "all_avgs": [
        1047.560880988753,
        969.8119850696071,
        1195.1116593010272,
        1171.7867963411047,
        905.4509919732121,
        1290.532488634216,
        1023.9393508745391,
        1310.6828571711462,
        1044.9318809446509,
        994.7512744311089,
        1630.1158529907916
    ]
}