{
    "maxs": 1899.7875700395462,
    "mins": 136.37832631128882,
    "avgs": 870.1120225367105,
    "meds": 704.000067536937,
    "upqs": 271.14605916740715,
    "lwqs": 1537.5672073980627,
    "all_avgs": [
        765.783143345382,
        824.5092175413679,
        870.1331672557391,
        948.7120629877522,
        1009.9323631799997,
        805.9228447148821,
        794.1366620054035,
        867.4088299380923,
        906.6021839913825,
        872.1387531564881,
        905.9530197873266
    ]
}