{
    "maxs": 136189.1661452552,
    "mins": 130.18162843025098,
    "avgs": 14436.682169123686,
    "meds": 2158.7316654937513,
    "upqs": 827.5500105450071,
    "lwqs": 15522.257107412435,
    "all_avgs": [
        12263.5112254603,
        16564.614950820258,
        14257.694157353615,
        15790.21170540068,
        12219.288001611192,
        13580.454169559494,
        13923.043708391211,
        12045.999127891402,
        19136.700631257136,
        16319.802566935647,
        12702.183615679607
    ]
}