{
    "maxs": 2258.8564478398594,
    "mins": 129.7746272798681,
    "avgs": 945.5694480963572,
    "meds": 827.7415798365502,
    "upqs": 266.0949609023571,
    "lwqs": 1631.7528752763158,
    "all_avgs": [
        962.577259688,
        990.9205862632464,
        1006.009985060352,
        776.2593416368344,
        896.9055705821099,
        852.2658012431001,
        1039.0433365375375,
        973.4808700296581,
        945.0435202835841,
        930.0298832297747,
        1028.7277745057318
    ]
}