{
    "maxs": 51131.322895128505,
    "mins": 130.00905586877477,
    "avgs": 5954.8969369411925,
    "meds": 1777.717308704427,
    "upqs": 549.8773102289479,
    "lwqs": 6134.910040623348,
    "all_avgs": [
        7401.813660989652,
        7421.736750902527,
        6397.269055778422,
        4285.336966867419,
        5624.286633636744,
        4669.72101865587,
        8244.555208866446,
        6082.862534660507,
        4560.177410589006,
        4792.819877851777,
        6023.287187554749
    ]
}