{
    "maxs": 312153.07271993475,
    "mins": 129.86685574760543,
    "avgs": 32856.88092357919,
    "meds": 3570.765293922274,
    "upqs": 1199.148475751528,
    "lwqs": 36557.5947081784,
    "all_avgs": [
        32782.12134712338,
        38976.41204648281,
        28919.08061553643,
        39873.02383045395,
        23483.337613279004,
        42932.44694959685,
        25918.83449699374,
        34124.20886082498,
        42404.45218591026,
        28122.702676075813,
        23889.069537093892
    ]
}