{
    "maxs": 48391.171570140425,
    "mins": 130.727859159477,
    "avgs": 5341.021997755123,
    "meds": 1720.5543522037622,
    "upqs": 448.79933334888943,
    "lwqs": 5514.602336540589,
    "all_avgs": [
        6306.61384749829,
        6065.637250223277,
        4338.5727976741255,
        4527.712012612829,
        6695.246085258713,
        5968.721206237376,
        4945.668056321191,
        4130.373249819151,
        4266.034606153906,
        5026.54394605868,
        6480.118917448816
    ]
}