{
    "maxs": 2211.1903293360424,
    "mins": 132.32162919254927,
    "avgs": 902.140984686792,
    "meds": 744.5005637658861,
    "upqs": 259.2761170414988,
    "lwqs": 1579.2213830729772,
    "all_avgs": [
        826.021759260666,
        901.4613351986704,
        917.6755798191268,
        878.8703862880234,
        851.7465986213818,
        1077.7864713189674,
        803.1843026431093,
        1002.1427022093422,
        940.4284587132215,
        858.8585004658198,
        865.3747370163844
    ]
}