{
    "maxs": 1871.5274342036269,
    "mins": 134.29486690578213,
    "avgs": 851.4972623859284,
    "meds": 646.5683011605124,
    "upqs": 264.9681028505402,
    "lwqs": 1501.5087633162534,
    "all_avgs": [
        859.8161736843946,
        790.9452117480029,
        849.2392630577955,
        876.465567267451,
        896.937935227051,
        808.5757830395269,
        918.2033926165542,
        904.3214915977237,
        846.6199156526105,
        730.9924769263124,
        884.3526754277881
    ]
}