{
    "maxs": 5188.3256678683465,
    "mins": 132.5128841020319,
    "avgs": 1275.4286436543616,
    "meds": 1279.6943484964502,
    "upqs": 290.94296584944345,
    "lwqs": 1813.440621384823,
    "all_avgs": [
        1630.4566037137704,
        1263.6014279413682,
        1195.627020055393,
        1034.8866372556467,
        1205.5349713978326,
        1401.3505628438058,
        1148.6877981238174,
        1505.8264298662468,
        1365.024444663393,
        959.8777821827154,
        1318.8414021539907
    ]
}