{
    "maxs": 1871.050773240703,
    "mins": 134.64551266995443,
    "avgs": 793.1132820882448,
    "meds": 486.2669925505266,
    "upqs": 260.8310860512904,
    "lwqs": 1388.041915958633,
    "all_avgs": [
        966.3047935934451,
        876.0163973978514,
        604.948058515341,
        848.9299041821579,
        796.1546758824105,
        665.5382467136016,
        861.8836527271947,
        745.3189645074855,
        799.3735144981895,
        794.9607969384232,
        764.8170980145914
    ]
}