{
    "maxs": 296649.5257837798,
    "mins": 131.33272374487117,
    "avgs": 29305.712572161425,
    "meds": 3049.3142009319254,
    "upqs": 1070.3445692154742,
    "lwqs": 32455.143100970425,
    "all_avgs": [
        34182.62434214736,
        31436.90751265417,
        16754.4482455933,
        30488.041383582797,
        29243.618873852924,
        30925.0699363042,
        26918.642435859405,
        27908.498628066805,
        31992.30171651347,
        22422.02726166625,
        40090.657957534975
    ]
}