{
    "maxs": 140760.6723165088,
    "mins": 129.18455481523148,
    "avgs": 14401.320695175005,
    "meds": 2248.827430266312,
    "upqs": 829.707439733035,
    "lwqs": 15661.608231767412,
    "all_avgs": [
        9984.783266052233,
        8189.100040460641,
        14971.785403237121,
        15665.991532013804,
        16499.03779856789,
        13731.658997570285,
        19533.440388692896,
        10433.086728337372,
        8903.688658742096,
        22345.655370663084,
        18156.29946258763
    ]
}