{
    "maxs": 290966.60165972577,
    "mins": 134.8345647212742,
    "avgs": 29384.31547052535,
    "meds": 2925.7338630250124,
    "upqs": 1021.8507243936954,
    "lwqs": 31756.982721630604,
    "all_avgs": [
        32224.99167203324,
        23511.270726466184,
        26437.277737513967,
        28906.73808626262,
        25155.792379227914,
        26912.92771241018,
        30053.676457349356,
        34860.52556588703,
        34258.71142230116,
        28314.330639942065,
        32591.227776385174
    ]
}