{
    "maxs": 137846.48094149787,
    "mins": 131.98141905373447,
    "avgs": 13936.900255990979,
    "meds": 2087.5816026998014,
    "upqs": 750.7513625202494,
    "lwqs": 14561.57210831115,
    "all_avgs": [
        12606.74371828199,
        13339.12949012539,
        16891.729326199096,
        15717.718432841823,
        15753.374291292277,
        12902.20218304582,
        11776.451884955031,
        12805.989833237458,
        10870.052562951336,
        15132.559350180887,
        15509.951742789675
    ]
}