{
    "maxs": 16774.18604009712,
    "mins": 131.545208208918,
    "avgs": 2365.7960928543926,
    "meds": 1580.4723817876031,
    "upqs": 328.8288416759287,
    "lwqs": 2618.1515524192173,
    "all_avgs": [
        2552.1564995642802,
        2944.4508114922182,
        2111.6257150210045,
        1798.9881099890517,
        2078.6316846818563,
        1694.5053656223208,
        2581.2826010568187,
        3026.238059283782,
        2532.8506694110824,
        1825.9761142960363,
        2877.0513909798665
    ]
}