{
    "maxs": 1878.81766198346,
    "mins": 138.31192417626167,
    "avgs": 852.8358672075509,
    "meds": 630.6025128920453,
    "upqs": 264.6342450375956,
    "lwqs": 1496.3218737335396,
    "all_avgs": [
        776.3010044520643,
        852.5213283529731,
        728.8349964242059,
        924.4636798959664,
        1003.825875228473,
        736.7529785147827,
        1028.2130813172341,
        781.8559331742239,
        825.3424906157863,
        998.21248660578,
        724.8706847015713
    ]
}