{
    "maxs": 16405.910164480523,
    "mins": 130.4222564890535,
    "avgs": 2402.139871558495,
    "meds": 1569.8014610725243,
    "upqs": 396.0033423593572,
    "lwqs": 2622.0422051444857,
    "all_avgs": [
        2109.35161642359,
        4176.057577538999,
        1660.8175433479678,
        2538.739138853766,
        2042.08821253472,
        2229.2320464839754,
        3286.618813511877,
        1485.4516620543782,
        1835.0035506386923,
        2543.3956638235695,
        2516.782761931916
    ]
}