{
    "maxs": 4801.610644995687,
    "mins": 130.44735882472517,
    "avgs": 1203.3279328697763,
    "meds": 1073.0761457356277,
    "upqs": 271.2765032793225,
    "lwqs": 1777.1912876903314,
    "all_avgs": [
        1351.963915496127,
        1287.183338222805,
        1137.6747806447866,
        951.568554575564,
        1160.7520479803186,
        1546.742455817491,
        1289.7242558204086,
        1028.3258321805763,
        1310.3689207797293,
        1202.540712715044,
        969.7624473346892
    ]
}