{
    "maxs": 1911.0160057102842,
    "mins": 134.9082511912663,
    "avgs": 873.4839630183232,
    "meds": 700.0244305222865,
    "upqs": 262.844368906234,
    "lwqs": 1549.3176801063894,
    "all_avgs": [
        861.0622521767308,
        833.9968945813298,
        847.1048397142993,
        832.9875615498408,
        869.0749410266867,
        958.1443794874754,
        831.467832702342,
        821.5592546828266,
        877.0548975149063,
        960.5442306820339,
        915.3265090830828
    ]
}