{
    "maxs": 1881.7336160519778,
    "mins": 136.7411473146455,
    "avgs": 850.8716009114288,
    "meds": 660.6229875263317,
    "upqs": 263.5836337865531,
    "lwqs": 1521.3399014993893,
    "all_avgs": [
        688.714646175928,
        1004.37571556885,
        861.1036228924083,
        876.1001353390368,
        810.6752655301151,
        780.6205570392787,
        980.778999455138,
        781.468262732704,
        946.024423836312,
        729.7105349823026,
        900.0154464736443
    ]
}