{
    "maxs": 50312.99589171851,
    "mins": 132.9260683744424,
    "avgs": 5632.1205652071785,
    "meds": 1749.267453459366,
    "upqs": 667.6716142380325,
    "lwqs": 5803.863067148321,
    "all_avgs": [
        4985.588085576898,
        6264.468621144698,
        5616.783098671535,
        6187.967774940776,
        4793.535420876652,
        5868.663006340856,
        7444.463565377674,
        5076.45950274438,
        5478.24362815207,
        5039.989175912067,
        7814.616378358346,
        4578.639047268987,
        5522.481508937162,
        3742.3666811248822,
        3072.7413480197006,
        5129.757402872209,
        4815.663959661475,
        5072.086956203571,
        4113.836445787452,
        5340.6019744537325,
        8112.508091400733,
        7680.8462752358755,
        6864.501171446664,
        4196.727395768026,
        3605.309677936285,
        3483.557923083187,
        7628.069591546546,
        8130.877133674359,
        7453.318321352341,
        6031.944331922131,
        3618.3341938673598,
        4456.519087071411,
        7697.635786736086,
        5605.833386009968,
        6840.700722137502,
        4425.121387213778,
        9029.975854283619,
        5413.324627477848,
        6537.994140566594,
        5772.896919159732,
        4390.114214026163,
        4868.832843365288,
        5219.020757920747,
        4733.285072518452,
        4701.352356495273,
        4666.9485503402675,
        7110.977867555462,
        6950.756543701685,
        4746.940136153675,
        4498.2354810011775,
        6806.735402172704
    ]
}