{
    "maxs": 4688.342415529307,
    "mins": 133.88163105688972,
    "avgs": 1249.2440455612502,
    "meds": 1127.5359129489013,
    "upqs": 416.9771956808211,
    "lwqs": 1792.386147627212,
    "all_avgs": [
        1062.441548516933,
        1102.172410043394,
        1431.9594524537868,
        1062.114643552749,
        1468.5535411585731,
        1146.4970910775437,
        1489.2972860651096,
        1295.7499771548796,
        1246.1535708385427,
        1311.4034088705812,
        1149.3415698847891,
        1009.0045127431279,
        1028.877320510837,
        1313.0454998525174,
        1680.07931188791,
        1195.2078527663587,
        1071.233305867226,
        1584.4940026314343,
        1570.1202645394828,
        1113.8174400134315,
        1118.566247993088,
        1165.3321783070435,
        1417.7451313773147,
        1148.4475383476963,
        1303.6606873285882,
        1332.3264722141155,
        1004.646506982342,
        1222.4602134128759,
        1006.9819054158403,
        1020.9129279278065,
        1426.9807918014399,
        1579.5576729288202,
        1168.1986495575675,
        1037.6317288746377,
        1463.9509519485853,
        984.1385588425255,
        1253.063884009912,
        1230.239589148288,
        1454.6681895556198,
        1088.8220699385547,
        1187.3073302575453,
        1196.3507538883794,
        1095.2057253157138,
        1014.1262612746631,
        1149.9877189428616,
        1227.8680858497246,
        1717.407603454327,
        1061.7469846834363,
        1210.6719468668223,
        1399.9432423694604,
        1690.9347643789579
    ]
}