{
    "maxs": 1907.0189003021092,
    "mins": 138.45715414497985,
    "avgs": 904.2103028372221,
    "meds": 724.8146528740376,
    "upqs": 359.3513957479954,
    "lwqs": 1527.0608333710506,
    "all_avgs": [
        872.7408717114621,
        907.7036910627,
        947.1591973828879,
        885.685735838639,
        959.7244003114045,
        898.7309685619266,
        884.4118952261546,
        897.6877114441742,
        986.595586126825,
        892.0024899613843,
        1034.735612556596,
        829.2561427584186,
        942.1258642958142,
        842.350303362009,
        957.4054189000024,
        869.8598076193343,
        982.9616282000965,
        921.4026855181448,
        890.5918038087775,
        813.7034983910175,
        887.6533119125347,
        895.7375851201782,
        940.917908687369,
        930.9757793626864,
        896.2887328380203,
        828.267478545288,
        853.720089533675,
        894.2252724023159,
        881.8843975386047,
        952.2424689009084,
        905.173878358435,
        816.1611569579936,
        876.655051017573,
        887.3134002497563,
        902.9919722763483,
        897.0868275903084,
        833.8741545862061,
        864.8475206624577,
        990.0580859180917,
        945.9954518446643,
        1033.5418951374863,
        922.302438419931,
        873.5219664857309,
        928.4478839155857,
        912.727066460387,
        933.8206610841564,
        940.8346815108177,
        915.7486686458535,
        964.077167372214,
        854.8777313736324,
        735.9194469513455
    ]
}