{
    "maxs": 52879.77288259839,
    "mins": 134.45463086957574,
    "avgs": 5912.908278295251,
    "meds": 1776.534842017654,
    "upqs": 668.3705045080293,
    "lwqs": 5976.3215093172075,
    "all_avgs": [
        6779.566715652971,
        7304.056716464473,
        7112.839919270561,
        6117.922076263528,
        10233.350560694029,
        3555.2803018289433,
        6771.1045217440615,
        6850.32623282726,
        6268.97305746779,
        3881.7844174067855,
        7471.565803277686,
        7144.638225306988,
        4043.28845743874,
        3647.2183418050167,
        6548.020383240035,
        6422.962191144362,
        5153.498428748689,
        6950.383013989282,
        4524.824901218056,
        5847.0976478061375,
        5165.24124529103,
        5404.359905448274,
        4371.807842534567,
        5628.391924879691,
        6008.299868127548,
        7093.078145961046,
        5680.545402110224,
        3433.4368725103577,
        5572.7538113274995,
        6865.279431884153,
        4988.873840326602,
        5552.484648193262,
        4282.0156255657585,
        4723.558950182775,
        6284.776282179582,
        5488.106346974922,
        6167.531911358671,
        6019.527831231971,
        5177.55374581395,
        6953.009316852308,
        6934.6353946533545,
        7503.051438543345,
        4126.022868640987,
        5041.173297936547,
        4863.8538138348595,
        9365.940612150323,
        6712.699178413239,
        7119.396681886698,
        5821.7860310213055,
        4686.347455269357,
        5894.080558358195
    ]
}