{
    "maxs": 4724.957015969347,
    "mins": 133.26902704792963,
    "avgs": 1240.0021133006346,
    "meds": 1134.0787770841291,
    "upqs": 413.4401837186486,
    "lwqs": 1770.4548716240402,
    "all_avgs": [
        1055.7051793372045,
        1402.3812304618002,
        1574.3582566719372,
        1167.0225606401866,
        1251.9282356659319,
        1540.620252773588,
        1275.6515545687162,
        1343.361371544643,
        1568.4114933807848,
        884.1816821355006,
        1206.054519408544,
        1085.4401583294207,
        1309.0205811816622,
        1340.9679171319935,
        1495.6828450645169,
        1184.5561216645988,
        1421.8338739789585,
        1208.8674374237278,
        1044.9802780210812,
        1273.088487756318,
        1207.2047275926643,
        1326.6320859041057,
        1273.2659247124643,
        1277.3885064889187,
        1354.2195093166206,
        1190.542025788286,
        1333.6598594086765,
        1374.042554669305,
        1290.9553400525322,
        1209.4567462889554,
        1630.4525562162949,
        901.3515024051117,
        1268.8773505755885,
        1518.914886373213,
        1201.2642254370744,
        1179.6058715703336,
        1140.6163822744013,
        983.7317913136098,
        1109.3217848620727,
        1048.8102003953745,
        1121.387864912492,
        1020.2672271639639,
        1060.6785979750275,
        1161.0233555131063,
        1259.2243222692712,
        1104.272745612674,
        1166.3553699737918,
        1260.8078970924162,
        1215.4889960865405,
        1540.1413990587828,
        876.0321338875864
    ]
}