{
    "maxs": 1899.084205647502,
    "mins": 137.12374335591872,
    "avgs": 905.2028305287467,
    "meds": 716.5801103165408,
    "upqs": 345.7191474216307,
    "lwqs": 1542.9874831501675,
    "all_avgs": [
        806.0903652986135,
        989.9377916802933,
        988.8193234357299,
        916.4964410624181,
        917.7334592137272,
        1007.2014625381952,
        931.7211825760564,
        805.1843855201547,
        874.5315432345985,
        876.163606591413,
        911.8322843487144,
        794.8388816751055,
        831.6792612825091,
        839.1599533735598,
        858.8072763727124,
        897.8691233522343,
        925.0495338638289,
        821.1393189951663,
        876.7501021644118,
        911.310995171564,
        915.5302729196918,
        940.2312109529208,
        1019.9267078707068,
        852.4873140236472,
        813.8507834008021,
        940.0616571048824,
        895.7976064590849,
        863.8174084226501,
        836.8699522441764,
        969.922106266727,
        916.219047289551,
        922.6571529334497,
        982.9969719012473,
        954.5269602603554,
        940.1177315288649,
        998.4999548672181,
        954.3767007019811,
        961.13085503599,
        998.5270292359861,
        902.0994042243022,
        866.1633474529776,
        997.2105320479151,
        959.3024841896989,
        942.3042780477532,
        979.8021052667823,
        826.9380745973931,
        888.9151748456411,
        840.1495069031253,
        841.0328549753665,
        815.2017058553353,
        846.3611733888533
    ]
}