{
    "maxs": 4928.822139069758,
    "mins": 132.8191860754704,
    "avgs": 1273.5198800424077,
    "meds": 1171.2349818292914,
    "upqs": 429.05035794316063,
    "lwqs": 1801.915805444437,
    "all_avgs": [
        1096.7962133221793,
        1233.5058387873016,
        1568.6755775200631,
        1357.650487325066,
        1163.118897502339,
        1250.4720940936286,
        1073.5180600755025,
        1094.4515786201912,
        1706.5737662198385,
        1662.1433089179168,
        1350.3215164332507,
        1218.5831656784376,
        966.2756215896786,
        1093.3439893294421,
        1269.747609690642,
        1176.3634022883284,
        1598.5665860292324,
        1067.0912346514938,
        1014.0450162977147,
        1203.9017172686229,
        1041.81298284846,
        1403.6365930219288,
        1144.4207105116936,
        1633.7438945396093,
        1523.2882774587952,
        1467.0108023702176,
        1231.3262483608432,
        1344.54379355037,
        1175.9846013978015,
        1350.691064604982,
        1213.9871690466562,
        1249.8364833256512,
        1276.2235767218976,
        1188.009390789155,
        1193.3108620911414,
        1869.0220012207867,
        1096.1122992390704,
        1172.7933364649798,
        1122.8178719455548,
        1342.2392191351569,
        1121.6950467446231,
        1207.0766405347877,
        1044.8571073972103,
        1409.177417648341,
        1268.0063452777833,
        1085.7294847376488,
        1138.7037266803145,
        1268.1147590822202,
        1454.1933437711384,
        1063.1811102721772,
        1682.8220397309249
    ]
}