{
    "maxs": 52499.24351308884,
    "mins": 132.7306136893671,
    "avgs": 5812.175103772448,
    "meds": 1758.0382493313803,
    "upqs": 664.8635043674861,
    "lwqs": 5847.142475685039,
    "all_avgs": [
        4859.059618935388,
        5896.610318431669,
        5704.95664489011,
        6841.859394544612,
        7179.008759598283,
        7059.3608832061,
        6218.011453774011,
        8482.901190278442,
        4750.255737901921,
        4487.538782345931,
        5182.094698681568,
        3762.03667405673,
        3668.1843279234718,
        7683.460780331417,
        6492.258851328338,
        6204.692249456878,
        6429.656448942923,
        9187.875353799418,
        6520.391082305515,
        4618.650756752442,
        5996.433666715388,
        5572.578255668772,
        3352.2898704293425,
        5586.097410130187,
        7507.941286617055,
        3850.46395541602,
        7444.737601880645,
        9431.098398218015,
        5016.297534513843,
        5570.679459166892,
        5174.042525807986,
        8340.549675154096,
        4663.648930035291,
        6309.422691172893,
        5250.886781010455,
        4974.481386491443,
        3864.7348765504576,
        5730.048741637511,
        6011.385007839598,
        5056.323924885785,
        7718.373762030414,
        4477.181759164347,
        6037.516676168787,
        4938.011106825111,
        2692.222900137614,
        6254.057501636213,
        4287.242655221502,
        5154.392511949709,
        4916.4089666338,
        9551.862731376666,
        4460.653734423849
    ]
}