{
    "maxs": 1907.1630732186775,
    "mins": 140.13067012362654,
    "avgs": 911.2766424619801,
    "meds": 729.6645530827749,
    "upqs": 344.70685891686975,
    "lwqs": 1536.9420312027878,
    "all_avgs": [
        921.3209664840139,
        983.1151713059952,
        840.183983815244,
        855.2071959639292,
        883.322860671532,
        1000.4284583159085,
        880.7843815780376,
        972.3563195073203,
        977.2086507601985,
        853.0006569874101,
        987.0244052586756,
        822.3460256368251,
        915.2707725451814,
        946.871196234169,
        862.1263082993003,
        958.3255634527918,
        993.7016983183079,
        926.660498727125,
        1075.321551683943,
        951.4910561535312,
        904.8895410133919,
        936.5158915468626,
        946.480666510467,
        843.3549419140795,
        851.7312936872823,
        929.7750920606092,
        903.8556754111532,
        890.3677732300519,
        818.9825250619119,
        959.0264669681007,
        880.218406911601,
        935.3011330233822,
        905.2897887854097,
        897.9263135190628,
        827.3090598642328,
        957.8573284600186,
        911.477517568755,
        994.1174363315548,
        888.4058237828473,
        859.0641975500555,
        868.864367915034,
        996.5381322969401,
        857.4066897321723,
        819.5554939755494,
        941.9496069706282,
        962.588469827874,
        812.4227695427776,
        934.3440583990291,
        906.7205232899557,
        872.3726830098501,
        854.3313757009048
    ]
}